train/val/test,imgid_heading,ground_truth,jpg_name,3_labels
train,10007_135,1_null,6,C_Null
train,10007_225,present,2,A_Present
train,10007_315,present,2,A_Present
train,10007_45,present,2,A_Present
validation,10013_135,present,2,A_Present
validation,10013_225,present,2,A_Present
validation,10013_315,present,2,A_Present
validation,10013_45,present,2,A_Present
train,10018_135,present,2,A_Present
train,10018_225,1_null,6,C_Null
train,10018_315,1_null,6,C_Null
train,10018_45,present,2,A_Present
train,10039_135,present,2,A_Present
train,10039_225,present,1,A_Present
train,10039_315,present,2,A_Present
train,10039_45,present,1,A_Present
train,10076_135,present,2,A_Present
train,10076_225,present,2,A_Present
train,10076_315,multiple_present,1,A_Present
train,10076_45,1_null,6,C_Null
train,10086_135,present,2,A_Present
train,10086_225,present,2,A_Present
train,10086_315,1_null,6,C_Null
train,10086_45,present,1,A_Present
test,10228_135,present,1,A_Present
test,10228_225,present,2,A_Present
test,10228_315,present,3,A_Present
test,10228_45,present,3,A_Present
train,1023_135,1_null,6,C_Null
train,1023_225,1_null,6,C_Null
train,1023_315,1_null,6,C_Null
train,1023_45,1_null,6,C_Null
train,10277_135,multiple_present,1,A_Present
train,10277_225,multiple_present,1,A_Present
train,10277_315,multiple_present,1,A_Present
train,10277_45,multiple_present,1,A_Present
train,10317_135,1_null,6,C_Null
train,10317_225,1_null,6,C_Null
train,10317_315,1_null,6,C_Null
train,10317_45,1_null,6,C_Null
train,10407_135,present,1,A_Present
train,10407_225,present,1,A_Present
train,10407_315,present,2,A_Present
train,10407_45,present,2,A_Present
validation,10423_135,present,2,A_Present
validation,10423_225,present,2,A_Present
validation,10423_315,present,5,A_Present
validation,10423_45,1_null,6,C_Null
validation,10636_135,1_null,6,C_Null
validation,10636_225,1_null,6,C_Null
validation,10636_315,1_null,6,C_Null
validation,10636_45,present,4,A_Present
train,10702_135,multiple_present,1,A_Present
train,10702_225,present,2,A_Present
train,10702_315,present,2,A_Present
train,10702_45,present,2,A_Present
validation,10708_135,present,2,A_Present
validation,10708_225,present,2,A_Present
validation,10708_315,1_null,6,C_Null
validation,10708_45,1_null,6,C_Null
train,10733_135,1_null,6,C_Null
train,10733_225,1_null,6,C_Null
train,10733_315,1_null,6,C_Null
train,10733_45,1_null,6,C_Null
validation,10746_135,1_null,6,C_Null
validation,10746_225,1_null,6,C_Null
validation,10746_315,1_null,6,C_Null
validation,10746_45,1_null,6,C_Null
train,10782_135,present,2,A_Present
train,10782_225,present,2,A_Present
train,10782_315,multiple_present,1,A_Present
train,10782_45,multiple_present,1,A_Present
train,11206_135,present,2,A_Present
train,11206_225,present,2,A_Present
train,11206_315,present,2,A_Present
train,11206_45,present,1,A_Present
train,11245_135,1_null,6,C_Null
train,11245_225,1_null,6,C_Null
train,11245_315,1_null,6,C_Null
train,11245_45,1_null,6,C_Null
train,11269_135,present,1,A_Present
train,11269_225,1_null,6,C_Null
train,11269_315,present,1,A_Present
train,11269_45,present,2,A_Present
test,11282_135,present,2,A_Present
test,11282_225,present,2,A_Present
test,11282_315,present,1,A_Present
test,11282_45,present,2,A_Present
train,11289_135,1_null,6,C_Null
train,11289_225,present,2,A_Present
train,11289_315,present,2,A_Present
train,11289_45,present,1,A_Present
train,11295_135,1_null,6,C_Null
train,11295_225,1_null,6,C_Null
train,11295_315,present,3,A_Present
train,11295_45,present,1,A_Present
train,11317_135,1_null,6,C_Null
train,11317_225,1_null,6,C_Null
train,11317_315,1_null,6,C_Null
train,11317_45,1_null,6,C_Null
train,11354_135,1_null,6,C_Null
train,11354_225,1_null,6,C_Null
train,11354_315,1_null,6,C_Null
train,11354_45,1_null,6,C_Null
train,11559_135,present,2,A_Present
train,11559_225,present,1,A_Present
train,11559_315,present,2,A_Present
train,11559_45,present,2,A_Present
train,11677_135,1_null,6,C_Null
train,11677_225,present,3,A_Present
train,11677_315,1_null,6,C_Null
train,11677_45,present,2,A_Present
train,11744_135,1_null,6,C_Null
train,11744_225,present,4,A_Present
train,11744_315,present,2,A_Present
train,11744_45,present,2,A_Present
train,11765_135,1_null,6,C_Null
train,11765_225,present,2,A_Present
train,11765_315,1_null,6,C_Null
train,11765_45,present,1,A_Present
validation,11772_135,present,2,A_Present
validation,11772_225,present,2,A_Present
validation,11772_315,present,2,A_Present
validation,11772_45,present,2,A_Present
train,11775_135,present,1,A_Present
train,11775_225,1_null,6,C_Null
train,11775_315,present,1,A_Present
train,11775_45,present,1,A_Present
validation,11841_135,1_null,6,C_Null
validation,11841_225,present,2,A_Present
validation,11841_315,present,1,A_Present
validation,11841_45,present,1,A_Present
train,11856_135,1_null,6,C_Null
train,11856_225,present,2,A_Present
train,11856_315,present,2,A_Present
train,11856_45,1_null,6,C_Null
train,11985_135,present,2,A_Present
train,11985_225,present,2,A_Present
train,11985_315,present,2,A_Present
train,11985_45,present,2,A_Present
train,12017_135,present,2,A_Present
train,12017_225,present,1,A_Present
train,12017_315,present,2,A_Present
train,12017_45,present,2,A_Present
train,12051_135,present,2,A_Present
train,12051_225,present,2,A_Present
train,12051_315,present,2,A_Present
train,12051_45,present,1,A_Present
test,12056_135,present,2,A_Present
test,12056_225,present,2,A_Present
test,12056_315,present,2,A_Present
test,12056_45,present,2,A_Present
train,12057_135,present,2,A_Present
train,12057_225,present,2,A_Present
train,12057_315,present,2,A_Present
train,12057_45,present,2,A_Present
validation,12066_135,1_null,6,C_Null
validation,12066_225,present,1,A_Present
validation,12066_315,present,2,A_Present
validation,12066_45,1_null,6,C_Null
train,12241_135,present,2,A_Present
train,12241_225,present,2,A_Present
train,12241_315,present,2,A_Present
train,12241_45,present,1,A_Present
train,12248_135,present,1,A_Present
train,12248_225,present,2,A_Present
train,12248_315,present,2,A_Present
train,12248_45,present,2,A_Present
test,12251_135,only_missing,2,B_Missing
test,12251_225,multiple_present,2,A_Present
test,12251_315,1_null,6,C_Null
test,12251_45,1_null,6,C_Null
train,12255_135,present,2,A_Present
train,12255_225,present,2,A_Present
train,12255_315,present,1,A_Present
train,12255_45,present,2,A_Present
train,12258_135,present,2,A_Present
train,12258_225,1_null,6,C_Null
train,12258_315,present,2,A_Present
train,12258_45,present,5,A_Present
train,12260_135,present,2,A_Present
train,12260_225,present,2,A_Present
train,12260_315,1_null,6,C_Null
train,12260_45,present,1,A_Present
train,12266_135,1_null,6,C_Null
train,12266_225,1_null,6,C_Null
train,12266_315,1_null,6,C_Null
train,12266_45,present,2,A_Present
test,12270_135,only_missing,1,B_Missing
test,12270_225,present,2,A_Present
test,12270_315,1_null,6,C_Null
test,12270_45,1_null,6,C_Null
train,12273_135,1_null,6,C_Null
train,12273_225,1_null,6,C_Null
train,12273_315,present,1,A_Present
train,12273_45,present,2,A_Present
validation,12277_135,1_null,6,C_Null
validation,12277_225,1_null,6,C_Null
validation,12277_315,1_null,6,C_Null
validation,12277_45,1_null,6,C_Null
train,12305_135,present,2,A_Present
train,12305_225,present,1,A_Present
train,12305_315,present,2,A_Present
train,12305_45,present,2,A_Present
train,12367_135,present,2,A_Present
train,12367_225,present,2,A_Present
train,12367_315,present,2,A_Present
train,12367_45,present,2,A_Present
train,12578_135,only_missing,1,B_Missing
train,12578_225,present,2,A_Present
train,12578_315,only_missing,2,B_Missing
train,12578_45,present,2,A_Present
train,12582_135,present,2,A_Present
train,12582_225,present,2,A_Present
train,12582_315,present,2,A_Present
train,12582_45,present,2,A_Present
train,12584_135,present,2,A_Present
train,12584_225,present,2,A_Present
train,12584_315,present,2,A_Present
train,12584_45,present,2,A_Present
validation,12590_135,present,1,A_Present
validation,12590_225,present,2,A_Present
validation,12590_315,present,2,A_Present
validation,12590_45,present,2,A_Present
test,12747_135,1_null,6,C_Null
test,12747_225,present,4,A_Present
test,12747_315,present,3,A_Present
test,12747_45,1_null,6,C_Null
train,12776_135,present,1,A_Present
train,12776_225,present,2,A_Present
train,12776_315,present,1,A_Present
train,12776_45,1_null,6,C_Null
train,12781_135,present,3,A_Present
train,12781_225,present,1,A_Present
train,12781_315,1_null,6,C_Null
train,12781_45,present,2,A_Present
train,12790_135,present,2,A_Present
train,12790_225,present,2,A_Present
train,12790_315,present,1,A_Present
train,12790_45,1_null,6,C_Null
train,12806_135,present,4,A_Present
train,12806_225,present,2,A_Present
train,12806_315,1_null,6,C_Null
train,12806_45,1_null,6,C_Null
train,12874_135,present,1,A_Present
train,12874_225,present,2,A_Present
train,12874_315,present,2,A_Present
train,12874_45,present,1,A_Present
test,1297_135,only_missing,1,B_Missing
test,1297_225,present,2,A_Present
test,1297_315,1_null,6,C_Null
test,1297_45,1_null,6,C_Null
train,13051_135,present,2,A_Present
train,13051_225,present,1,A_Present
train,13051_315,present,2,A_Present
train,13051_45,present,2,A_Present
validation,13080_135,present,2,A_Present
validation,13080_225,present,1,A_Present
validation,13080_315,1_null,6,C_Null
validation,13080_45,present,1,A_Present
train,13198_135,present,2,A_Present
train,13198_225,present,2,A_Present
train,13198_315,present,1,A_Present
train,13198_45,present,2,A_Present
test,13234_135,1_null,6,C_Null
test,13234_225,present,2,A_Present
test,13234_315,1_null,6,C_Null
test,13234_45,1_null,6,C_Null
train,13254_135,1_null,6,C_Null
train,13254_225,1_null,6,C_Null
train,13254_315,1_null,6,C_Null
train,13254_45,multiple_present,1,A_Present
train,13276_135,present,2,A_Present
train,13276_225,present,2,A_Present
train,13276_315,1_null,6,C_Null
train,13276_45,1_null,6,C_Null
train,13373_135,present,2,A_Present
train,13373_225,1_null,6,C_Null
train,13373_315,1_null,6,C_Null
train,13373_45,multiple_present,1,A_Present
train,13399_135,1_null,6,C_Null
train,13399_225,1_null,6,C_Null
train,13399_315,present,2,A_Present
train,13399_45,1_null,6,C_Null
train,13513_135,present,2,A_Present
train,13513_225,1_null,6,C_Null
train,13513_315,present,2,A_Present
train,13513_45,present,2,A_Present
train,13538_135,1_null,6,C_Null
train,13538_225,1_null,6,C_Null
train,13538_315,1_null,6,C_Null
train,13538_45,1_null,6,C_Null
train,13564_135,1_null,6,C_Null
train,13564_225,1_null,6,C_Null
train,13564_315,1_null,6,C_Null
train,13564_45,1_null,6,C_Null
train,13638_135,1_null,6,C_Null
train,13638_225,1_null,6,C_Null
train,13638_315,1_null,6,C_Null
train,13638_45,1_null,6,C_Null
train,13641_135,1_null,6,C_Null
train,13641_225,1_null,6,C_Null
train,13641_315,present,2,A_Present
train,13641_45,multiple_present,1,A_Present
train,13699_135,1_null,6,C_Null
train,13699_225,1_null,6,C_Null
train,13699_315,1_null,6,C_Null
train,13699_45,1_null,6,C_Null
train,13736_135,1_null,6,C_Null
train,13736_225,1_null,6,C_Null
train,13736_315,1_null,6,C_Null
train,13736_45,multiple_present,1,A_Present
train,13755_135,present,2,A_Present
train,13755_225,1_null,6,C_Null
train,13755_315,1_null,6,C_Null
train,13755_45,present,2,A_Present
validation,13806_135,present,1,A_Present
validation,13806_225,1_null,6,C_Null
validation,13806_315,present,2,A_Present
validation,13806_45,present,1,A_Present
train,13838_135,1_null,6,C_Null
train,13838_225,1_null,6,C_Null
train,13838_315,1_null,6,C_Null
train,13838_45,1_null,6,C_Null
validation,13839_135,present,1,A_Present
validation,13839_225,1_null,6,C_Null
validation,13839_315,present,2,A_Present
validation,13839_45,present,1,A_Present
train,13853_135,1_null,6,C_Null
train,13853_225,present,3,A_Present
train,13853_315,1_null,6,C_Null
train,13853_45,1_null,6,C_Null
train,13991_135,present,4,A_Present
train,13991_225,present,2,A_Present
train,13991_315,1_null,6,C_Null
train,13991_45,1_null,6,C_Null
train,14073_135,present,2,A_Present
train,14073_225,present,2,A_Present
train,14073_315,present,2,A_Present
train,14073_45,present,2,A_Present
train,14185_135,present,2,A_Present
train,14185_225,1_null,6,C_Null
train,14185_315,1_null,6,C_Null
train,14185_45,present,1,A_Present
train,14188_135,1_null,6,C_Null
train,14188_225,1_null,6,C_Null
train,14188_315,1_null,6,C_Null
train,14188_45,1_null,6,C_Null
train,14190_135,present,3,A_Present
train,14190_225,present,3,A_Present
train,14190_315,present,3,A_Present
train,14190_45,multiple_present,1,A_Present
train,14391_135,1_null,6,C_Null
train,14391_225,1_null,6,C_Null
train,14391_315,1_null,6,C_Null
train,14391_45,1_null,6,C_Null
train,14455_135,1_null,6,C_Null
train,14455_225,1_null,6,C_Null
train,14455_315,1_null,6,C_Null
train,14455_45,1_null,6,C_Null
train,14540_135,multiple_present,1,A_Present
train,14540_225,multiple_present,1,A_Present
train,14540_315,present,1,A_Present
train,14540_45,present,2,A_Present
test,14541_135,present,3,A_Present
test,14541_225,present,3,A_Present
test,14541_315,present,2,A_Present
test,14541_45,1_null,6,C_Null
train,14619_135,present,1,A_Present
train,14619_225,present,2,A_Present
train,14619_315,1_null,6,C_Null
train,14619_45,present,4,A_Present
train,14627_135,1_null,6,C_Null
train,14627_225,present,2,A_Present
train,14627_315,present,2,A_Present
train,14627_45,1_null,6,C_Null
train,14670_135,present,2,A_Present
train,14670_225,present,2,A_Present
train,14670_315,present,2,A_Present
train,14670_45,present,1,A_Present
train,14739_135,present,2,A_Present
train,14739_225,multiple_present,2,A_Present
train,14739_315,present,4,A_Present
train,14739_45,present,2,A_Present
train,14748_135,1_null,6,C_Null
train,14748_225,1_null,6,C_Null
train,14748_315,1_null,6,C_Null
train,14748_45,1_null,6,C_Null
train,14836_135,1_null,6,C_Null
train,14836_225,1_null,6,C_Null
train,14836_315,1_null,6,C_Null
train,14836_45,1_null,6,C_Null
validation,14902_135,1_null,6,C_Null
validation,14902_225,1_null,6,C_Null
validation,14902_315,1_null,6,C_Null
validation,14902_45,1_null,6,C_Null
train,15188_135,1_null,6,C_Null
train,15188_225,present,2,A_Present
train,15188_315,present,2,A_Present
train,15188_45,1_null,6,C_Null
validation,15216_135,present,2,A_Present
validation,15216_225,1_null,6,C_Null
validation,15216_315,1_null,6,C_Null
validation,15216_45,multiple_present,1,A_Present
train,15245_135,present,1,A_Present
train,15245_225,present,2,A_Present
train,15245_315,1_null,6,C_Null
train,15245_45,present,2,A_Present
train,1525_135,1_null,6,C_Null
train,1525_225,1_null,6,C_Null
train,1525_315,present,2,A_Present
train,1525_45,present,2,A_Present
train,1532_135,1_null,6,C_Null
train,1532_225,1_null,6,C_Null
train,1532_315,present,2,A_Present
train,1532_45,1_null,6,C_Null
validation,15829_135,multiple_present,2,A_Present
validation,15829_225,present,1,A_Present
validation,15829_315,present,2,A_Present
validation,15829_45,present,1,A_Present
train,15858_135,1_null,6,C_Null
train,15858_225,1_null,6,C_Null
train,15858_315,present,4,A_Present
train,15858_45,present,2,A_Present
test,16078_135,1_null,6,C_Null
test,16078_225,1_null,6,C_Null
test,16078_315,present,4,A_Present
test,16078_45,present,3,A_Present
test,16125_135,1_null,6,C_Null
test,16125_225,present,1,A_Present
test,16125_315,present,4,A_Present
test,16125_45,only_missing,2,B_Missing
train,16127_135,present,3,A_Present
train,16127_225,1_null,6,C_Null
train,16127_315,1_null,6,C_Null
train,16127_45,1_null,6,C_Null
train,16175_135,present,2,A_Present
train,16175_225,present,2,A_Present
train,16175_315,present,2,A_Present
train,16175_45,present,2,A_Present
train,16177_135,present,1,A_Present
train,16177_225,present,2,A_Present
train,16177_315,1_null,6,C_Null
train,16177_45,1_null,6,C_Null
test,16180_135,present,2,A_Present
test,16180_225,present,2,A_Present
test,16180_315,1_null,6,C_Null
test,16180_45,1_null,6,C_Null
train,16188_135,present,1,A_Present
train,16188_225,present,2,A_Present
train,16188_315,present,1,A_Present
train,16188_45,present,2,A_Present
validation,16215_135,present,2,A_Present
validation,16215_225,present,2,A_Present
validation,16215_315,present,2,A_Present
validation,16215_45,present,3,A_Present
train,16218_135,present,3,A_Present
train,16218_225,1_null,6,C_Null
train,16218_315,1_null,6,C_Null
train,16218_45,present,2,A_Present
train,16254_135,present,2,A_Present
train,16254_225,present,3,A_Present
train,16254_315,present,1,A_Present
train,16254_45,1_null,6,C_Null
train,16258_135,only_missing,2,B_Missing
train,16258_225,present,1,A_Present
train,16258_315,1_null,6,C_Null
train,16258_45,present,1,A_Present
train,16275_135,present,2,A_Present
train,16275_225,present,2,A_Present
train,16275_315,multiple_present,1,A_Present
train,16275_45,present,1,A_Present
train,1636_135,present,2,A_Present
train,1636_225,present,1,A_Present
train,1636_315,present,1,A_Present
train,1636_45,present,2,A_Present
train,16376_135,present,2,A_Present
train,16376_225,present,2,A_Present
train,16376_315,present,2,A_Present
train,16376_45,present,1,A_Present
train,16377_135,present,2,A_Present
train,16377_225,present,2,A_Present
train,16377_315,present,2,A_Present
train,16377_45,present,2,A_Present
train,16614_135,1_null,6,C_Null
train,16614_225,present,1,A_Present
train,16614_315,1_null,6,C_Null
train,16614_45,present,1,A_Present
validation,16628_135,1_null,6,C_Null
validation,16628_225,1_null,6,C_Null
validation,16628_315,1_null,6,C_Null
validation,16628_45,1_null,6,C_Null
train,1663_135,present,2,A_Present
train,1663_225,present,2,A_Present
train,1663_315,present,2,A_Present
train,1663_45,present,2,A_Present
test,16672_135,1_null,6,C_Null
test,16672_225,present,2,A_Present
test,16672_315,1_null,6,C_Null
test,16672_45,present,1,A_Present
train,16679_135,present,2,A_Present
train,16679_225,present,1,A_Present
train,16679_315,present,2,A_Present
train,16679_45,present,2,A_Present
train,16695_135,1_null,6,C_Null
train,16695_225,1_null,6,C_Null
train,16695_315,1_null,6,C_Null
train,16695_45,1_null,6,C_Null
train,16703_135,present,2,A_Present
train,16703_225,1_null,6,C_Null
train,16703_315,1_null,6,C_Null
train,16703_45,present,2,A_Present
train,16706_135,present,1,A_Present
train,16706_225,present,2,A_Present
train,16706_315,present,1,A_Present
train,16706_45,present,1,A_Present
train,16743_135,present,2,A_Present
train,16743_225,present,2,A_Present
train,16743_315,1_null,6,C_Null
train,16743_45,present,3,A_Present
validation,16746_135,1_null,6,C_Null
validation,16746_225,present,1,A_Present
validation,16746_315,present,2,A_Present
validation,16746_45,1_null,6,C_Null
train,16759_135,1_null,6,C_Null
train,16759_225,1_null,6,C_Null
train,16759_315,1_null,6,C_Null
train,16759_45,1_null,6,C_Null
train,16824_135,present,2,A_Present
train,16824_225,present,1,A_Present
train,16824_315,present,2,A_Present
train,16824_45,present,2,A_Present
train,16826_135,1_null,6,C_Null
train,16826_225,1_null,6,C_Null
train,16826_315,1_null,6,C_Null
train,16826_45,present,2,A_Present
test,16829_135,1_null,6,C_Null
test,16829_225,present,1,A_Present
test,16829_315,present,1,A_Present
test,16829_45,present,1,A_Present
train,16833_135,multiple_present,2,A_Present
train,16833_225,multiple_present,1,A_Present
train,16833_315,multiple_present,1,A_Present
train,16833_45,multiple_present,1,A_Present
train,16927_135,present,2,A_Present
train,16927_225,present,2,A_Present
train,16927_315,present,2,A_Present
train,16927_45,present,1,A_Present
validation,16931_135,1_null,6,C_Null
validation,16931_225,present,2,A_Present
validation,16931_315,1_null,6,C_Null
validation,16931_45,1_null,6,C_Null
train,16968_135,1_null,6,C_Null
train,16968_225,present,2,A_Present
train,16968_315,present,2,A_Present
train,16968_45,present,2,A_Present
train,16981_135,1_null,6,C_Null
train,16981_225,present,1,A_Present
train,16981_315,1_null,6,C_Null
train,16981_45,1_null,6,C_Null
train,17002_135,present,2,A_Present
train,17002_225,present,1,A_Present
train,17002_315,present,2,A_Present
train,17002_45,present,2,A_Present
validation,17005_135,1_null,6,C_Null
validation,17005_225,present,2,A_Present
validation,17005_315,present,1,A_Present
validation,17005_45,present,2,A_Present
test,17014_135,1_null,6,C_Null
test,17014_225,1_null,6,C_Null
test,17014_315,1_null,6,C_Null
test,17014_45,1_null,6,C_Null
train,17026_135,present,2,A_Present
train,17026_225,present,1,A_Present
train,17026_315,present,1,A_Present
train,17026_45,present,1,A_Present
test,17033_135,present,4,A_Present
test,17033_225,present,2,A_Present
test,17033_315,present,2,A_Present
test,17033_45,present,2,A_Present
validation,17038_135,present,3,A_Present
validation,17038_225,present,2,A_Present
validation,17038_315,present,2,A_Present
validation,17038_45,present,1,A_Present
train,17045_135,multiple_present,1,A_Present
train,17045_225,present,2,A_Present
train,17045_315,multiple_present,1,A_Present
train,17045_45,present,4,A_Present
train,17047_135,present,3,A_Present
train,17047_225,present,2,A_Present
train,17047_315,present,2,A_Present
train,17047_45,present,4,A_Present
test,17049_135,present,2,A_Present
test,17049_225,multiple_present,1,A_Present
test,17049_315,1_null,6,C_Null
test,17049_45,present,2,A_Present
train,17051_135,present,1,A_Present
train,17051_225,present,4,A_Present
train,17051_315,present,3,A_Present
train,17051_45,present,1,A_Present
train,17053_135,present,1,A_Present
train,17053_225,present,2,A_Present
train,17053_315,present,1,A_Present
train,17053_45,present,2,A_Present
train,17062_135,present,2,A_Present
train,17062_225,present,2,A_Present
train,17062_315,present,1,A_Present
train,17062_45,present,1,A_Present
validation,17066_135,present,2,A_Present
validation,17066_225,1_null,6,C_Null
validation,17066_315,1_null,6,C_Null
validation,17066_45,1_null,6,C_Null
train,17067_135,present,2,A_Present
train,17067_225,1_null,6,C_Null
train,17067_315,present,1,A_Present
train,17067_45,present,3,A_Present
test,17068_135,1_null,6,C_Null
test,17068_225,present,1,A_Present
test,17068_315,present,1,A_Present
test,17068_45,1_null,6,C_Null
train,17073_135,1_null,6,C_Null
train,17073_225,1_null,6,C_Null
train,17073_315,1_null,6,C_Null
train,17073_45,1_null,6,C_Null
train,17141_135,present,2,A_Present
train,17141_225,multiple_present,1,A_Present
train,17141_315,present,2,A_Present
train,17141_45,1_null,6,C_Null
train,17143_135,1_null,6,C_Null
train,17143_225,1_null,6,C_Null
train,17143_315,1_null,6,C_Null
train,17143_45,present,2,A_Present
train,17145_135,1_null,6,C_Null
train,17145_225,present,2,A_Present
train,17145_315,1_null,6,C_Null
train,17145_45,1_null,6,C_Null
train,17152_135,multiple_present,1,A_Present
train,17152_225,present,2,A_Present
train,17152_315,present,2,A_Present
train,17152_45,1_null,6,C_Null
train,17170_135,present,2,A_Present
train,17170_225,1_null,6,C_Null
train,17170_315,present,2,A_Present
train,17170_45,multiple_present,1,A_Present
train,17179_135,present,1,A_Present
train,17179_225,1_null,6,C_Null
train,17179_315,multiple_present,1,A_Present
train,17179_45,present,1,A_Present
train,17180_135,multiple_present,1,A_Present
train,17180_225,present,1,A_Present
train,17180_315,present,2,A_Present
train,17180_45,multiple_present,1,A_Present
test,17202_135,present,4,A_Present
test,17202_225,present,2,A_Present
test,17202_315,1_null,6,C_Null
test,17202_45,1_null,6,C_Null
validation,1721_135,present,2,A_Present
validation,1721_225,present,2,A_Present
validation,1721_315,present,2,A_Present
validation,1721_45,present,2,A_Present
test,17221_135,1_null,6,C_Null
test,17221_225,multiple_present,2,A_Present
test,17221_315,present,4,A_Present
test,17221_45,1_null,6,C_Null
train,17247_135,present,2,A_Present
train,17247_225,present,2,A_Present
train,17247_315,present,2,A_Present
train,17247_45,present,2,A_Present
train,17252_135,1_null,6,C_Null
train,17252_225,1_null,6,C_Null
train,17252_315,present,1,A_Present
train,17252_45,1_null,6,C_Null
train,17277_135,present,2,A_Present
train,17277_225,present,2,A_Present
train,17277_315,1_null,6,C_Null
train,17277_45,1_null,6,C_Null
test,17343_135,1_null,6,C_Null
test,17343_225,present,2,A_Present
test,17343_315,present,1,A_Present
test,17343_45,1_null,6,C_Null
train,17366_135,1_null,6,C_Null
train,17366_225,1_null,6,C_Null
train,17366_315,1_null,6,C_Null
train,17366_45,1_null,6,C_Null
validation,17385_135,present,2,A_Present
validation,17385_225,present,2,A_Present
validation,17385_315,1_null,6,C_Null
validation,17385_45,present,2,A_Present
test,17386_135,multiple_present,1,A_Present
test,17386_225,multiple_present,1,A_Present
test,17386_315,present,2,A_Present
test,17386_45,present,2,A_Present
train,17388_135,1_null,6,C_Null
train,17388_225,1_null,6,C_Null
train,17388_315,1_null,6,C_Null
train,17388_45,1_null,6,C_Null
train,17392_135,1_null,6,C_Null
train,17392_225,present,1,A_Present
train,17392_315,multiple_present,1,A_Present
train,17392_45,multiple_present,1,A_Present
train,17403_135,present,2,A_Present
train,17403_225,present,2,A_Present
train,17403_315,present,1,A_Present
train,17403_45,present,2,A_Present
train,17406_135,1_null,6,C_Null
train,17406_225,present,2,A_Present
train,17406_315,present,2,A_Present
train,17406_45,1_null,6,C_Null
train,17408_135,multiple_present,2,A_Present
train,17408_225,present,1,A_Present
train,17408_315,present,2,A_Present
train,17408_45,present,1,A_Present
train,17411_135,present,3,A_Present
train,17411_225,present,2,A_Present
train,17411_315,1_null,6,C_Null
train,17411_45,present,4,A_Present
train,17436_135,1_null,6,C_Null
train,17436_225,present,2,A_Present
train,17436_315,present,2,A_Present
train,17436_45,present,1,A_Present
train,17437_135,present,2,A_Present
train,17437_225,present,2,A_Present
train,17437_315,present,1,A_Present
train,17437_45,present,2,A_Present
train,17445_135,1_null,6,C_Null
train,17445_225,present,3,A_Present
train,17445_315,multiple_present,1,A_Present
train,17445_45,1_null,6,C_Null
train,1747_135,1_null,6,C_Null
train,1747_225,present,2,A_Present
train,1747_315,present,2,A_Present
train,1747_45,present,2,A_Present
train,17551_135,present,3,A_Present
train,17551_225,1_null,6,C_Null
train,17551_315,1_null,6,C_Null
train,17551_45,present,2,A_Present
train,17558_135,1_null,6,C_Null
train,17558_225,present,2,A_Present
train,17558_315,multiple_present,1,A_Present
train,17558_45,present,2,A_Present
train,17626_135,1_null,6,C_Null
train,17626_225,present,3,A_Present
train,17626_315,1_null,6,C_Null
train,17626_45,1_null,6,C_Null
train,17641_135,present,4,A_Present
train,17641_225,present,2,A_Present
train,17641_315,multiple_present,1,A_Present
train,17641_45,present,2,A_Present
train,17651_135,multiple_present,1,A_Present
train,17651_225,present,2,A_Present
train,17651_315,present,4,A_Present
train,17651_45,present,1,A_Present
train,17699_135,present,2,A_Present
train,17699_225,present,2,A_Present
train,17699_315,present,2,A_Present
train,17699_45,present,2,A_Present
train,17733_135,1_null,6,C_Null
train,17733_225,1_null,6,C_Null
train,17733_315,present,1,A_Present
train,17733_45,present,1,A_Present
validation,17735_135,multiple_present,1,A_Present
validation,17735_225,present,2,A_Present
validation,17735_315,multiple_present,1,A_Present
validation,17735_45,multiple_present,1,A_Present
train,17796_135,present,2,A_Present
train,17796_225,1_null,6,C_Null
train,17796_315,1_null,6,C_Null
train,17796_45,1_null,6,C_Null
validation,17850_135,present,2,A_Present
validation,17850_225,1_null,6,C_Null
validation,17850_315,1_null,6,C_Null
validation,17850_45,present,3,A_Present
validation,17881_135,1_null,6,C_Null
validation,17881_225,1_null,6,C_Null
validation,17881_315,present,1,A_Present
validation,17881_45,present,1,A_Present
train,17892_135,present,1,A_Present
train,17892_225,1_null,6,C_Null
train,17892_315,1_null,6,C_Null
train,17892_45,1_null,6,C_Null
validation,17966_135,1_null,6,C_Null
validation,17966_225,present,2,A_Present
validation,17966_315,present,2,A_Present
validation,17966_45,1_null,6,C_Null
train,17973_135,1_null,6,C_Null
train,17973_225,present,2,A_Present
train,17973_315,present,1,A_Present
train,17973_45,1_null,6,C_Null
train,17974_135,present,2,A_Present
train,17974_225,present,1,A_Present
train,17974_315,present,2,A_Present
train,17974_45,present,1,A_Present
validation,17976_135,1_null,6,C_Null
validation,17976_225,present,2,A_Present
validation,17976_315,present,2,A_Present
validation,17976_45,1_null,6,C_Null
train,18042_135,1_null,6,C_Null
train,18042_225,1_null,6,C_Null
train,18042_315,1_null,6,C_Null
train,18042_45,1_null,6,C_Null
train,18075_135,1_null,6,C_Null
train,18075_225,present,2,A_Present
train,18075_315,present,1,A_Present
train,18075_45,1_null,6,C_Null
train,18128_135,1_null,6,C_Null
train,18128_225,present,2,A_Present
train,18128_315,1_null,6,C_Null
train,18128_45,1_null,6,C_Null
train,18131_135,1_null,6,C_Null
train,18131_225,multiple_present,1,A_Present
train,18131_315,present,1,A_Present
train,18131_45,1_null,6,C_Null
train,18145_135,multiple_present,1,A_Present
train,18145_225,1_null,6,C_Null
train,18145_315,present,2,A_Present
train,18145_45,multiple_present,1,A_Present
validation,18150_135,present,2,A_Present
validation,18150_225,present,3,A_Present
validation,18150_315,1_null,6,C_Null
validation,18150_45,present,2,A_Present
train,18151_135,multiple_present,1,A_Present
train,18151_225,present,2,A_Present
train,18151_315,present,3,A_Present
train,18151_45,multiple_present,2,A_Present
train,18158_135,1_null,6,C_Null
train,18158_225,present,1,A_Present
train,18158_315,only_missing,2,B_Missing
train,18158_45,1_null,6,C_Null
test,18163_135,present,2,A_Present
test,18163_225,1_null,6,C_Null
test,18163_315,1_null,6,C_Null
test,18163_45,present,2,A_Present
train,18204_135,present,2,A_Present
train,18204_225,present,2,A_Present
train,18204_315,present,1,A_Present
train,18204_45,present,2,A_Present
validation,18205_135,present,2,A_Present
validation,18205_225,present,2,A_Present
validation,18205_315,present,2,A_Present
validation,18205_45,present,2,A_Present
train,18210_135,present,2,A_Present
train,18210_225,present,2,A_Present
train,18210_315,present,2,A_Present
train,18210_45,present,2,A_Present
train,18218_135,present,3,A_Present
train,18218_225,present,4,A_Present
train,18218_315,multiple_present,3,A_Present
train,18218_45,1_null,6,C_Null
test,18242_135,present,3,A_Present
test,18242_225,1_null,6,C_Null
test,18242_315,present,2,A_Present
test,18242_45,present,1,A_Present
test,18243_135,1_null,6,C_Null
test,18243_225,present,1,A_Present
test,18243_315,present,1,A_Present
test,18243_45,1_null,6,C_Null
train,18253_135,present,2,A_Present
train,18253_225,1_null,6,C_Null
train,18253_315,1_null,6,C_Null
train,18253_45,1_null,6,C_Null
train,18254_135,1_null,6,C_Null
train,18254_225,1_null,6,C_Null
train,18254_315,present,2,A_Present
train,18254_45,present,2,A_Present
test,18256_135,multiple_present,2,A_Present
test,18256_225,present,4,A_Present
test,18256_315,present,2,A_Present
test,18256_45,1_null,6,C_Null
test,18271_135,only_missing,1,B_Missing
test,18271_225,only_missing,1,B_Missing
test,18271_315,1_null,6,C_Null
test,18271_45,1_null,6,C_Null
train,18272_135,1_null,6,C_Null
train,18272_225,multiple_present,1,A_Present
train,18272_315,1_null,6,C_Null
train,18272_45,1_null,6,C_Null
test,18274_135,present,2,A_Present
test,18274_225,present,2,A_Present
test,18274_315,present,1,A_Present
test,18274_45,1_null,6,C_Null
train,18278_135,present,1,A_Present
train,18278_225,present,4,A_Present
train,18278_315,1_null,6,C_Null
train,18278_45,present,2,A_Present
train,18279_135,1_null,6,C_Null
train,18279_225,present,3,A_Present
train,18279_315,1_null,6,C_Null
train,18279_45,present,3,A_Present
train,18281_135,present,2,A_Present
train,18281_225,multiple_present,1,A_Present
train,18281_315,present,2,A_Present
train,18281_45,multiple_present,1,A_Present
test,18284_135,1_null,6,C_Null
test,18284_225,present,4,A_Present
test,18284_315,1_null,6,C_Null
test,18284_45,present,4,A_Present
train,18312_135,present,3,A_Present
train,18312_225,1_null,6,C_Null
train,18312_315,1_null,6,C_Null
train,18312_45,multiple_present,1,A_Present
train,18321_135,1_null,6,C_Null
train,18321_225,present,1,A_Present
train,18321_315,present,2,A_Present
train,18321_45,1_null,6,C_Null
train,18324_135,1_null,6,C_Null
train,18324_225,1_null,6,C_Null
train,18324_315,1_null,6,C_Null
train,18324_45,1_null,6,C_Null
train,18340_135,multiple_present,1,A_Present
train,18340_225,multiple_present,1,A_Present
train,18340_315,present,2,A_Present
train,18340_45,multiple_present,1,A_Present
test,18387_135,multiple_present,2,A_Present
test,18387_225,1_null,6,C_Null
test,18387_315,present,2,A_Present
test,18387_45,1_null,6,C_Null
train,18393_135,multiple_present,2,A_Present
train,18393_225,multiple_present,1,A_Present
train,18393_315,present,1,A_Present
train,18393_45,multiple_present,1,A_Present
train,18396_135,present,1,A_Present
train,18396_225,present,2,A_Present
train,18396_315,1_null,6,C_Null
train,18396_45,present,2,A_Present
test,18397_135,1_null,6,C_Null
test,18397_225,present,2,A_Present
test,18397_315,1_null,6,C_Null
test,18397_45,1_null,6,C_Null
train,18398_135,present,2,A_Present
train,18398_225,multiple_present,3,A_Present
train,18398_315,multiple_present,2,A_Present
train,18398_45,1_null,6,C_Null
train,18399_135,1_null,6,C_Null
train,18399_225,multiple_present,2,A_Present
train,18399_315,1_null,6,C_Null
train,18399_45,1_null,6,C_Null
train,18401_135,only_missing,1,B_Missing
train,18401_225,1_null,6,C_Null
train,18401_315,multiple_present,2,A_Present
train,18401_45,multiple_present,1,A_Present
train,18410_135,1_null,6,C_Null
train,18410_225,multiple_present,1,A_Present
train,18410_315,present,3,A_Present
train,18410_45,multiple_present,1,A_Present
test,18414_135,1_null,6,C_Null
test,18414_225,1_null,6,C_Null
test,18414_315,1_null,6,C_Null
test,18414_45,1_null,6,C_Null
test,18432_135,multiple_present,2,A_Present
test,18432_225,multiple_present,2,A_Present
test,18432_315,1_null,6,C_Null
test,18432_45,1_null,6,C_Null
train,18482_135,multiple_present,2,A_Present
train,18482_225,present,2,A_Present
train,18482_315,present,2,A_Present
train,18482_45,multiple_present,2,A_Present
train,18514_135,1_null,6,C_Null
train,18514_225,1_null,6,C_Null
train,18514_315,1_null,6,C_Null
train,18514_45,1_null,6,C_Null
train,18781_135,present,1,A_Present
train,18781_225,present,1,A_Present
train,18781_315,present,2,A_Present
train,18781_45,1_null,6,C_Null
test,18782_135,present,2,A_Present
test,18782_225,present,3,A_Present
test,18782_315,multiple_present,1,A_Present
test,18782_45,present,3,A_Present
validation,18786_135,multiple_present,2,A_Present
validation,18786_225,1_null,6,C_Null
validation,18786_315,1_null,6,C_Null
validation,18786_45,present,2,A_Present
train,18802_135,multiple_present,1,A_Present
train,18802_225,present,2,A_Present
train,18802_315,present,2,A_Present
train,18802_45,1_null,6,C_Null
train,18810_135,present,2,A_Present
train,18810_225,1_null,6,C_Null
train,18810_315,1_null,6,C_Null
train,18810_45,1_null,6,C_Null
train,18813_135,multiple_present,1,A_Present
train,18813_225,present,2,A_Present
train,18813_315,present,2,A_Present
train,18813_45,multiple_present,1,A_Present
validation,18846_135,1_null,6,C_Null
validation,18846_225,1_null,6,C_Null
validation,18846_315,1_null,6,C_Null
validation,18846_45,1_null,6,C_Null
train,18920_135,multiple_present,1,A_Present
train,18920_225,multiple_present,1,A_Present
train,18920_315,multiple_present,1,A_Present
train,18920_45,present,3,A_Present
train,18944_135,present,2,A_Present
train,18944_225,present,2,A_Present
train,18944_315,present,2,A_Present
train,18944_45,present,2,A_Present
train,1894_135,1_null,6,C_Null
train,1894_225,1_null,6,C_Null
train,1894_315,1_null,6,C_Null
train,1894_45,1_null,6,C_Null
train,18955_135,present,1,A_Present
train,18955_225,multiple_present,1,A_Present
train,18955_315,multiple_present,1,A_Present
train,18955_45,present,2,A_Present
train,1895_135,1_null,6,C_Null
train,1895_225,1_null,6,C_Null
train,1895_315,1_null,6,C_Null
train,1895_45,1_null,6,C_Null
train,18965_135,present,2,A_Present
train,18965_225,present,2,A_Present
train,18965_315,present,2,A_Present
train,18965_45,present,2,A_Present
train,18967_135,1_null,6,C_Null
train,18967_225,1_null,6,C_Null
train,18967_315,1_null,6,C_Null
train,18967_45,1_null,6,C_Null
train,18969_135,present,2,A_Present
train,18969_225,present,2,A_Present
train,18969_315,present,1,A_Present
train,18969_45,present,2,A_Present
validation,18989_135,present,2,A_Present
validation,18989_225,present,2,A_Present
validation,18989_315,present,2,A_Present
validation,18989_45,only_missing,2,B_Missing
train,18998_135,present,2,A_Present
train,18998_225,present,2,A_Present
train,18998_315,present,2,A_Present
train,18998_45,only_missing,3,B_Missing
train,1899_135,multiple_present,1,A_Present
train,1899_225,present,2,A_Present
train,1899_315,present,1,A_Present
train,1899_45,present,1,A_Present
train,19003_135,present,1,A_Present
train,19003_225,present,2,A_Present
train,19003_315,present,2,A_Present
train,19003_45,present,2,A_Present
train,19009_135,multiple_present,1,A_Present
train,19009_225,multiple_present,1,A_Present
train,19009_315,multiple_present,1,A_Present
train,19009_45,multiple_present,1,A_Present
train,19023_135,multiple_present,1,A_Present
train,19023_225,present,3,A_Present
train,19023_315,present,2,A_Present
train,19023_45,present,2,A_Present
train,19025_135,present,2,A_Present
train,19025_225,multiple_present,1,A_Present
train,19025_315,1_null,6,C_Null
train,19025_45,present,2,A_Present
train,19027_135,present,1,A_Present
train,19027_225,present,1,A_Present
train,19027_315,present,2,A_Present
train,19027_45,present,1,A_Present
train,19028_135,present,2,A_Present
train,19028_225,present,2,A_Present
train,19028_315,present,2,A_Present
train,19028_45,present,2,A_Present
train,19029_135,present,3,A_Present
train,19029_225,only_missing,4,B_Missing
train,19029_315,multiple_present,1,A_Present
train,19029_45,1_null,6,C_Null
train,19034_135,present,2,A_Present
train,19034_225,present,2,A_Present
train,19034_315,present,2,A_Present
train,19034_45,multiple_present,1,A_Present
test,19035_135,present,2,A_Present
test,19035_225,present,2,A_Present
test,19035_315,present,1,A_Present
test,19035_45,present,2,A_Present
train,19039_135,1_null,6,C_Null
train,19039_225,present,2,A_Present
train,19039_315,present,2,A_Present
train,19039_45,present,2,A_Present
train,19040_135,present,2,A_Present
train,19040_225,present,2,A_Present
train,19040_315,1_null,6,C_Null
train,19040_45,1_null,6,C_Null
train,19051_135,present,2,A_Present
train,19051_225,present,3,A_Present
train,19051_315,present,3,A_Present
train,19051_45,present,2,A_Present
validation,19078_135,multiple_present,1,A_Present
validation,19078_225,1_null,6,C_Null
validation,19078_315,present,1,A_Present
validation,19078_45,present,2,A_Present
train,1908_135,present,2,A_Present
train,1908_225,multiple_present,1,A_Present
train,1908_315,present,3,A_Present
train,1908_45,present,2,A_Present
test,19102_135,present,2,A_Present
test,19102_225,present,2,A_Present
test,19102_315,present,3,A_Present
test,19102_45,only_missing,2,B_Missing
validation,19121_135,multiple_present,1,A_Present
validation,19121_225,present,2,A_Present
validation,19121_315,1_null,6,C_Null
validation,19121_45,1_null,6,C_Null
train,19124_135,1_null,6,C_Null
train,19124_225,present,2,A_Present
train,19124_315,multiple_present,2,A_Present
train,19124_45,1_null,6,C_Null
train,19133_135,present,2,A_Present
train,19133_225,present,2,A_Present
train,19133_315,present,2,A_Present
train,19133_45,present,4,A_Present
train,1914_135,1_null,6,C_Null
train,1914_225,1_null,6,C_Null
train,1914_315,present,2,A_Present
train,1914_45,1_null,6,C_Null
validation,19251_135,1_null,6,C_Null
validation,19251_225,1_null,6,C_Null
validation,19251_315,1_null,6,C_Null
validation,19251_45,1_null,6,C_Null
test,19256_135,1_null,6,C_Null
test,19256_225,1_null,6,C_Null
test,19256_315,1_null,6,C_Null
test,19256_45,1_null,6,C_Null
train,1926_135,multiple_present,1,A_Present
train,1926_225,present,1,A_Present
train,1926_315,1_null,6,C_Null
train,1926_45,present,2,A_Present
train,19299_135,1_null,6,C_Null
train,19299_225,1_null,6,C_Null
train,19299_315,multiple_present,1,A_Present
train,19299_45,1_null,6,C_Null
train,19316_135,present,2,A_Present
train,19316_225,present,2,A_Present
train,19316_315,1_null,6,C_Null
train,19316_45,1_null,6,C_Null
train,1936_135,present,2,A_Present
train,1936_225,1_null,6,C_Null
train,1936_315,present,2,A_Present
train,1936_45,1_null,6,C_Null
train,2087_135,present,2,A_Present
train,2087_225,present,2,A_Present
train,2087_315,present,1,A_Present
train,2087_45,1_null,6,C_Null
train,2093_135,present,2,A_Present
train,2093_225,present,2,A_Present
train,2093_315,present,2,A_Present
train,2093_45,present,2,A_Present
test,2099_135,1_null,6,C_Null
test,2099_225,1_null,6,C_Null
test,2099_315,present,1,A_Present
test,2099_45,1_null,6,C_Null
train,2210_135,present,2,A_Present
train,2210_225,present,2,A_Present
train,2210_315,present,2,A_Present
train,2210_45,present,1,A_Present
validation,2269_135,present,2,A_Present
validation,2269_225,present,2,A_Present
validation,2269_315,1_null,6,C_Null
validation,2269_45,present,2,A_Present
train,2350_135,present,1,A_Present
train,2350_225,present,2,A_Present
train,2350_315,present,2,A_Present
train,2350_45,present,1,A_Present
train,2446_135,present,2,A_Present
train,2446_225,present,1,A_Present
train,2446_315,present,1,A_Present
train,2446_45,present,2,A_Present
train,2460_135,present,2,A_Present
train,2460_225,present,2,A_Present
train,2460_315,present,2,A_Present
train,2460_45,present,2,A_Present
validation,2501_135,1_null,6,C_Null
validation,2501_225,present,2,A_Present
validation,2501_315,present,2,A_Present
validation,2501_45,1_null,6,C_Null
train,2511_135,present,4,A_Present
train,2511_225,present,4,A_Present
train,2511_315,present,4,A_Present
train,2511_45,multiple_present,1,A_Present
train,2555_135,1_null,6,C_Null
train,2555_225,present,2,A_Present
train,2555_315,present,2,A_Present
train,2555_45,present,2,A_Present
train,2564_135,present,2,A_Present
train,2564_225,present,1,A_Present
train,2564_315,1_null,6,C_Null
train,2564_45,1_null,6,C_Null
test,2663_135,1_null,6,C_Null
test,2663_225,1_null,6,C_Null
test,2663_315,multiple_present,1,A_Present
test,2663_45,1_null,6,C_Null
train,2666_135,present,2,A_Present
train,2666_225,present,1,A_Present
train,2666_315,present,1,A_Present
train,2666_45,present,1,A_Present
train,2678_135,present,1,A_Present
train,2678_225,present,1,A_Present
train,2678_315,present,2,A_Present
train,2678_45,present,2,A_Present
train,2685_135,1_null,6,C_Null
train,2685_225,1_null,6,C_Null
train,2685_315,present,1,A_Present
train,2685_45,present,2,A_Present
test,2792_135,present,2,A_Present
test,2792_225,present,2,A_Present
test,2792_315,present,2,A_Present
test,2792_45,1_null,6,C_Null
train,2891_135,1_null,6,C_Null
train,2891_225,1_null,6,C_Null
train,2891_315,present,1,A_Present
train,2891_45,1_null,6,C_Null
train,2957_135,present,2,A_Present
train,2957_225,1_null,6,C_Null
train,2957_315,1_null,6,C_Null
train,2957_45,1_null,6,C_Null
train,3287_135,1_null,6,C_Null
train,3287_225,1_null,6,C_Null
train,3287_315,1_null,6,C_Null
train,3287_45,1_null,6,C_Null
test,3515_135,1_null,6,C_Null
test,3515_225,1_null,6,C_Null
test,3515_315,present,1,A_Present
test,3515_45,1_null,6,C_Null
validation,3517_135,1_null,6,C_Null
validation,3517_225,1_null,6,C_Null
validation,3517_315,present,3,A_Present
validation,3517_45,present,2,A_Present
train,3524_135,present,2,A_Present
train,3524_225,1_null,6,C_Null
train,3524_315,1_null,6,C_Null
train,3524_45,present,2,A_Present
validation,3573_135,present,2,A_Present
validation,3573_225,present,2,A_Present
validation,3573_315,present,2,A_Present
validation,3573_45,present,3,A_Present
train,3577_135,present,2,A_Present
train,3577_225,present,2,A_Present
train,3577_315,present,2,A_Present
train,3577_45,1_null,6,C_Null
validation,3613_135,1_null,6,C_Null
validation,3613_225,present,2,A_Present
validation,3613_315,1_null,6,C_Null
validation,3613_45,1_null,6,C_Null
train,3654_135,present,1,A_Present
train,3654_225,present,2,A_Present
train,3654_315,present,2,A_Present
train,3654_45,present,2,A_Present
train,3751_135,present,2,A_Present
train,3751_225,present,2,A_Present
train,3751_315,1_null,6,C_Null
train,3751_45,present,1,A_Present
test,3905_135,1_null,6,C_Null
test,3905_225,present,4,A_Present
test,3905_315,multiple_present,1,A_Present
test,3905_45,1_null,6,C_Null
train,3914_135,1_null,6,C_Null
train,3914_225,1_null,6,C_Null
train,3914_315,1_null,6,C_Null
train,3914_45,present,2,A_Present
train,4016_135,present,2,A_Present
train,4016_225,present,2,A_Present
train,4016_315,present,2,A_Present
train,4016_45,present,2,A_Present
train,4034_135,present,2,A_Present
train,4034_225,1_null,6,C_Null
train,4034_315,1_null,6,C_Null
train,4034_45,1_null,6,C_Null
train,4042_135,present,4,A_Present
train,4042_225,present,1,A_Present
train,4042_315,1_null,6,C_Null
train,4042_45,multiple_present,2,A_Present
train,4047_135,only_missing,1,B_Missing
train,4047_225,present,2,A_Present
train,4047_315,present,2,A_Present
train,4047_45,1_null,6,C_Null
train,4093_135,1_null,6,C_Null
train,4093_225,present,1,A_Present
train,4093_315,present,1,A_Present
train,4093_45,1_null,6,C_Null
test,4113_135,present,2,A_Present
test,4113_225,present,2,A_Present
test,4113_315,present,2,A_Present
test,4113_45,present,2,A_Present
validation,4165_135,present,1,A_Present
validation,4165_225,present,2,A_Present
validation,4165_315,1_null,6,C_Null
validation,4165_45,multiple_present,1,A_Present
train,4282_135,1_null,6,C_Null
train,4282_225,1_null,6,C_Null
train,4282_315,present,2,A_Present
train,4282_45,present,2,A_Present
validation,4294_135,present,2,A_Present
validation,4294_225,present,2,A_Present
validation,4294_315,present,1,A_Present
validation,4294_45,present,1,A_Present
validation,4350_135,present,4,A_Present
validation,4350_225,present,2,A_Present
validation,4350_315,present,2,A_Present
validation,4350_45,present,1,A_Present
train,4404_135,1_null,6,C_Null
train,4404_225,present,2,A_Present
train,4404_315,1_null,6,C_Null
train,4404_45,1_null,6,C_Null
train,4460_135,present,2,A_Present
train,4460_225,present,2,A_Present
train,4460_315,present,2,A_Present
train,4460_45,1_null,6,C_Null
train,4504_135,present,2,A_Present
train,4504_225,present,2,A_Present
train,4504_315,present,2,A_Present
train,4504_45,multiple_present,1,A_Present
train,4513_135,1_null,6,C_Null
train,4513_225,1_null,6,C_Null
train,4513_315,1_null,6,C_Null
train,4513_45,1_null,6,C_Null
validation,4550_135,present,1,A_Present
validation,4550_225,present,2,A_Present
validation,4550_315,present,1,A_Present
validation,4550_45,present,2,A_Present
train,4615_135,1_null,6,C_Null
train,4615_225,1_null,6,C_Null
train,4615_315,1_null,6,C_Null
train,4615_45,present,2,A_Present
train,4639_135,1_null,6,C_Null
train,4639_225,1_null,6,C_Null
train,4639_315,1_null,6,C_Null
train,4639_45,present,1,A_Present
test,4684_135,multiple_present,1,A_Present
test,4684_225,1_null,6,C_Null
test,4684_315,1_null,6,C_Null
test,4684_45,present,4,A_Present
train,4698_135,present,3,A_Present
train,4698_225,1_null,6,C_Null
train,4698_315,1_null,6,C_Null
train,4698_45,present,1,A_Present
test,4719_135,1_null,6,C_Null
test,4719_225,1_null,6,C_Null
test,4719_315,1_null,6,C_Null
test,4719_45,1_null,6,C_Null
train,4726_135,present,2,A_Present
train,4726_225,present,2,A_Present
train,4726_315,present,2,A_Present
train,4726_45,present,2,A_Present
test,4750_135,1_null,6,C_Null
test,4750_225,1_null,6,C_Null
test,4750_315,present,1,A_Present
test,4750_45,present,2,A_Present
train,4768_135,1_null,6,C_Null
train,4768_225,present,1,A_Present
train,4768_315,present,2,A_Present
train,4768_45,1_null,6,C_Null
validation,4845_135,1_null,6,C_Null
validation,4845_225,present,2,A_Present
validation,4845_315,present,2,A_Present
validation,4845_45,1_null,6,C_Null
train,4846_135,1_null,6,C_Null
train,4846_225,1_null,6,C_Null
train,4846_315,present,2,A_Present
train,4846_45,1_null,6,C_Null
test,4882_135,1_null,6,C_Null
test,4882_225,1_null,6,C_Null
test,4882_315,1_null,6,C_Null
test,4882_45,1_null,6,C_Null
train,4903_135,present,2,A_Present
train,4903_225,present,2,A_Present
train,4903_315,present,2,A_Present
train,4903_45,multiple_present,1,A_Present
train,4913_135,present,2,A_Present
train,4913_225,present,2,A_Present
train,4913_315,1_null,6,C_Null
train,4913_45,present,1,A_Present
train,4918_135,present,1,A_Present
train,4918_225,present,2,A_Present
train,4918_315,present,2,A_Present
train,4918_45,1_null,6,C_Null
train,4945_135,1_null,6,C_Null
train,4945_225,present,2,A_Present
train,4945_315,1_null,6,C_Null
train,4945_45,1_null,6,C_Null
test,4955_135,present,2,A_Present
test,4955_225,present,2,A_Present
test,4955_315,present,2,A_Present
test,4955_45,present,1,A_Present
train,5018_135,1_null,6,C_Null
train,5018_225,1_null,6,C_Null
train,5018_315,1_null,6,C_Null
train,5018_45,1_null,6,C_Null
train,5046_135,1_null,6,C_Null
train,5046_225,1_null,6,C_Null
train,5046_315,1_null,6,C_Null
train,5046_45,1_null,6,C_Null
train,510_135,present,2,A_Present
train,510_225,1_null,6,C_Null
train,510_315,1_null,6,C_Null
train,510_45,present,1,A_Present
train,5116_135,present,1,A_Present
train,5116_225,present,2,A_Present
train,5116_315,present,2,A_Present
train,5116_45,1_null,6,C_Null
validation,5136_135,present,2,A_Present
validation,5136_225,present,1,A_Present
validation,5136_315,present,2,A_Present
validation,5136_45,present,2,A_Present
train,5171_135,present,1,A_Present
train,5171_225,present,2,A_Present
train,5171_315,present,2,A_Present
train,5171_45,present,2,A_Present
train,5194_135,1_null,6,C_Null
train,5194_225,present,2,A_Present
train,5194_315,present,1,A_Present
train,5194_45,present,2,A_Present
train,5196_135,present,2,A_Present
train,5196_225,present,1,A_Present
train,5196_315,present,2,A_Present
train,5196_45,present,1,A_Present
train,5238_135,present,2,A_Present
train,5238_225,present,2,A_Present
train,5238_315,present,2,A_Present
train,5238_45,1_null,6,C_Null
train,5241_135,present,2,A_Present
train,5241_225,1_null,6,C_Null
train,5241_315,present,2,A_Present
train,5241_45,present,2,A_Present
train,5292_135,present,2,A_Present
train,5292_225,1_null,6,C_Null
train,5292_315,1_null,6,C_Null
train,5292_45,1_null,6,C_Null
train,5293_135,1_null,6,C_Null
train,5293_225,1_null,6,C_Null
train,5293_315,1_null,6,C_Null
train,5293_45,1_null,6,C_Null
train,5308_135,present,2,A_Present
train,5308_225,present,2,A_Present
train,5308_315,present,2,A_Present
train,5308_45,present,2,A_Present
validation,5356_135,only_missing,2,B_Missing
validation,5356_225,present,2,A_Present
validation,5356_315,1_null,6,C_Null
validation,5356_45,1_null,6,C_Null
train,5362_135,present,2,A_Present
train,5362_225,present,2,A_Present
train,5362_315,present,2,A_Present
train,5362_45,present,2,A_Present
train,5373_135,present,1,A_Present
train,5373_225,present,2,A_Present
train,5373_315,present,2,A_Present
train,5373_45,present,2,A_Present
train,5443_135,present,1,A_Present
train,5443_225,present,2,A_Present
train,5443_315,1_null,6,C_Null
train,5443_45,present,2,A_Present
train,5476_135,1_null,6,C_Null
train,5476_225,1_null,6,C_Null
train,5476_315,1_null,6,C_Null
train,5476_45,1_null,6,C_Null
train,5479_135,present,1,A_Present
train,5479_225,present,2,A_Present
train,5479_315,1_null,6,C_Null
train,5479_45,1_null,6,C_Null
train,5588_135,only_missing,2,B_Missing
train,5588_225,present,2,A_Present
train,5588_315,present,1,A_Present
train,5588_45,present,1,A_Present
test,5601_135,1_null,6,C_Null
test,5601_225,1_null,6,C_Null
test,5601_315,present,2,A_Present
test,5601_45,present,1,A_Present
train,5606_135,1_null,6,C_Null
train,5606_225,1_null,6,C_Null
train,5606_315,1_null,6,C_Null
train,5606_45,1_null,6,C_Null
train,5623_135,present,2,A_Present
train,5623_225,multiple_present,1,A_Present
train,5623_315,multiple_present,1,A_Present
train,5623_45,present,1,A_Present
train,5624_135,multiple_present,1,A_Present
train,5624_225,multiple_present,1,A_Present
train,5624_315,multiple_present,1,A_Present
train,5624_45,present,2,A_Present
train,5642_135,present,1,A_Present
train,5642_225,present,2,A_Present
train,5642_315,1_null,6,C_Null
train,5642_45,1_null,6,C_Null
train,5698_135,present,2,A_Present
train,5698_225,present,1,A_Present
train,5698_315,present,2,A_Present
train,5698_45,present,2,A_Present
train,5758_135,1_null,6,C_Null
train,5758_225,present,2,A_Present
train,5758_315,present,2,A_Present
train,5758_45,1_null,6,C_Null
train,5791_135,present,2,A_Present
train,5791_225,multiple_present,1,A_Present
train,5791_315,present,3,A_Present
train,5791_45,present,4,A_Present
train,5832_135,present,2,A_Present
train,5832_225,present,1,A_Present
train,5832_315,present,2,A_Present
train,5832_45,1_null,6,C_Null
train,5876_135,present,1,A_Present
train,5876_225,1_null,6,C_Null
train,5876_315,1_null,6,C_Null
train,5876_45,1_null,6,C_Null
train,5893_135,1_null,6,C_Null
train,5893_225,1_null,6,C_Null
train,5893_315,present,2,A_Present
train,5893_45,present,2,A_Present
train,5894_135,1_null,6,C_Null
train,5894_225,1_null,6,C_Null
train,5894_315,1_null,6,C_Null
train,5894_45,present,2,A_Present
train,6014_135,1_null,6,C_Null
train,6014_225,1_null,6,C_Null
train,6014_315,1_null,6,C_Null
train,6014_45,1_null,6,C_Null
train,6052_135,present,2,A_Present
train,6052_225,present,2,A_Present
train,6052_315,present,1,A_Present
train,6052_45,present,2,A_Present
train,6053_135,1_null,6,C_Null
train,6053_225,1_null,6,C_Null
train,6053_315,present,1,A_Present
train,6053_45,1_null,6,C_Null
train,6084_135,1_null,6,C_Null
train,6084_225,present,2,A_Present
train,6084_315,present,2,A_Present
train,6084_45,1_null,6,C_Null
train,6090_135,1_null,6,C_Null
train,6090_225,1_null,6,C_Null
train,6090_315,1_null,6,C_Null
train,6090_45,1_null,6,C_Null
validation,6099_135,present,2,A_Present
validation,6099_225,present,1,A_Present
validation,6099_315,1_null,6,C_Null
validation,6099_45,1_null,6,C_Null
train,6275_135,1_null,6,C_Null
train,6275_225,1_null,6,C_Null
train,6275_315,1_null,6,C_Null
train,6275_45,present,1,A_Present
train,6343_135,present,2,A_Present
train,6343_225,present,2,A_Present
train,6343_315,present,2,A_Present
train,6343_45,present,2,A_Present
test,6349_135,1_null,6,C_Null
test,6349_225,1_null,6,C_Null
test,6349_315,1_null,6,C_Null
test,6349_45,1_null,6,C_Null
train,6353_135,1_null,6,C_Null
train,6353_225,1_null,6,C_Null
train,6353_315,1_null,6,C_Null
train,6353_45,1_null,6,C_Null
train,6419_135,1_null,6,C_Null
train,6419_225,1_null,6,C_Null
train,6419_315,1_null,6,C_Null
train,6419_45,1_null,6,C_Null
train,6451_135,present,2,A_Present
train,6451_225,present,2,A_Present
train,6451_315,present,2,A_Present
train,6451_45,present,1,A_Present
train,6461_135,present,1,A_Present
train,6461_225,present,2,A_Present
train,6461_315,present,1,A_Present
train,6461_45,present,2,A_Present
train,6468_135,1_null,6,C_Null
train,6468_225,1_null,6,C_Null
train,6468_315,1_null,6,C_Null
train,6468_45,1_null,6,C_Null
train,6500_135,multiple_present,2,A_Present
train,6500_225,multiple_present,1,A_Present
train,6500_315,present,4,A_Present
train,6500_45,present,2,A_Present
train,6520_135,present,1,A_Present
train,6520_225,present,1,A_Present
train,6520_315,present,2,A_Present
train,6520_45,1_null,6,C_Null
train,6523_135,present,2,A_Present
train,6523_225,present,2,A_Present
train,6523_315,present,1,A_Present
train,6523_45,present,1,A_Present
validation,6524_135,1_null,6,C_Null
validation,6524_225,1_null,6,C_Null
validation,6524_315,1_null,6,C_Null
validation,6524_45,1_null,6,C_Null
train,6529_135,present,2,A_Present
train,6529_225,present,1,A_Present
train,6529_315,present,2,A_Present
train,6529_45,present,2,A_Present
train,6544_135,present,2,A_Present
train,6544_225,present,1,A_Present
train,6544_315,1_null,6,C_Null
train,6544_45,present,2,A_Present
train,6549_135,present,2,A_Present
train,6549_225,present,2,A_Present
train,6549_315,present,2,A_Present
train,6549_45,present,2,A_Present
test,6653_135,present,2,A_Present
test,6653_225,present,1,A_Present
test,6653_315,1_null,6,C_Null
test,6653_45,1_null,6,C_Null
train,6662_135,present,2,A_Present
train,6662_225,present,2,A_Present
train,6662_315,present,2,A_Present
train,6662_45,present,2,A_Present
train,6713_135,present,2,A_Present
train,6713_225,1_null,6,C_Null
train,6713_315,present,2,A_Present
train,6713_45,only_missing,2,B_Missing
train,6744_135,1_null,6,C_Null
train,6744_225,1_null,6,C_Null
train,6744_315,1_null,6,C_Null
train,6744_45,1_null,6,C_Null
validation,6746_135,1_null,6,C_Null
validation,6746_225,1_null,6,C_Null
validation,6746_315,present,1,A_Present
validation,6746_45,present,1,A_Present
validation,6752_135,present,2,A_Present
validation,6752_225,present,2,A_Present
validation,6752_315,present,1,A_Present
validation,6752_45,1_null,6,C_Null
train,6753_135,present,2,A_Present
train,6753_225,present,3,A_Present
train,6753_315,multiple_present,1,A_Present
train,6753_45,present,2,A_Present
train,6852_135,present,4,A_Present
train,6852_225,multiple_present,1,A_Present
train,6852_315,multiple_present,1,A_Present
train,6852_45,multiple_present,1,A_Present
test,693_135,1_null,6,C_Null
test,693_225,1_null,6,C_Null
test,693_315,1_null,6,C_Null
test,693_45,1_null,6,C_Null
train,6950_135,present,2,A_Present
train,6950_225,present,2,A_Present
train,6950_315,present,2,A_Present
train,6950_45,present,2,A_Present
train,6962_135,1_null,6,C_Null
train,6962_225,1_null,6,C_Null
train,6962_315,multiple_present,1,A_Present
train,6962_45,present,2,A_Present
train,6973_135,present,2,A_Present
train,6973_225,1_null,6,C_Null
train,6973_315,present,1,A_Present
train,6973_45,present,2,A_Present
train,7003_135,1_null,6,C_Null
train,7003_225,present,2,A_Present
train,7003_315,present,2,A_Present
train,7003_45,1_null,6,C_Null
test,7090_135,1_null,6,C_Null
test,7090_225,present,3,A_Present
test,7090_315,present,1,A_Present
test,7090_45,1_null,6,C_Null
train,7100_135,1_null,6,C_Null
train,7100_225,present,1,A_Present
train,7100_315,present,2,A_Present
train,7100_45,1_null,6,C_Null
train,7108_135,present,2,A_Present
train,7108_225,present,2,A_Present
train,7108_315,present,2,A_Present
train,7108_45,present,1,A_Present
test,7119_135,1_null,6,C_Null
test,7119_225,1_null,6,C_Null
test,7119_315,present,2,A_Present
test,7119_45,present,2,A_Present
train,7136_135,1_null,6,C_Null
train,7136_225,present,2,A_Present
train,7136_315,present,1,A_Present
train,7136_45,present,2,A_Present
train,7155_135,present,1,A_Present
train,7155_225,present,2,A_Present
train,7155_315,present,2,A_Present
train,7155_45,present,1,A_Present
train,7220_135,1_null,6,C_Null
train,7220_225,1_null,6,C_Null
train,7220_315,present,2,A_Present
train,7220_45,1_null,6,C_Null
train,7253_135,1_null,6,C_Null
train,7253_225,present,4,A_Present
train,7253_315,1_null,6,C_Null
train,7253_45,1_null,6,C_Null
train,7295_135,present,2,A_Present
train,7295_225,1_null,6,C_Null
train,7295_315,present,1,A_Present
train,7295_45,present,2,A_Present
train,7316_135,present,2,A_Present
train,7316_225,present,2,A_Present
train,7316_315,present,1,A_Present
train,7316_45,present,2,A_Present
test,7359_135,1_null,6,C_Null
test,7359_225,1_null,6,C_Null
test,7359_315,present,3,A_Present
test,7359_45,1_null,6,C_Null
train,7362_135,present,2,A_Present
train,7362_225,1_null,6,C_Null
train,7362_315,multiple_present,1,A_Present
train,7362_45,multiple_present,1,A_Present
test,7377_135,1_null,6,C_Null
test,7377_225,present,2,A_Present
test,7377_315,present,2,A_Present
test,7377_45,1_null,6,C_Null
validation,7389_135,present,2,A_Present
validation,7389_225,present,1,A_Present
validation,7389_315,present,2,A_Present
validation,7389_45,present,2,A_Present
train,7403_135,present,2,A_Present
train,7403_225,present,2,A_Present
train,7403_315,present,1,A_Present
train,7403_45,present,2,A_Present
train,7405_135,present,2,A_Present
train,7405_225,present,1,A_Present
train,7405_315,present,2,A_Present
train,7405_45,present,2,A_Present
train,7411_135,present,2,A_Present
train,7411_225,present,2,A_Present
train,7411_315,1_null,6,C_Null
train,7411_45,present,2,A_Present
train,7480_135,present,2,A_Present
train,7480_225,present,2,A_Present
train,7480_315,1_null,6,C_Null
train,7480_45,multiple_present,1,A_Present
train,7481_135,present,4,A_Present
train,7481_225,present,4,A_Present
train,7481_315,1_null,6,C_Null
train,7481_45,present,2,A_Present
train,7552_135,1_null,6,C_Null
train,7552_225,1_null,6,C_Null
train,7552_315,1_null,6,C_Null
train,7552_45,1_null,6,C_Null
test,7593_135,present,1,A_Present
test,7593_225,present,1,A_Present
test,7593_315,present,2,A_Present
test,7593_45,present,2,A_Present
train,7609_135,1_null,6,C_Null
train,7609_225,present,2,A_Present
train,7609_315,1_null,6,C_Null
train,7609_45,present,1,A_Present
train,7611_135,present,2,A_Present
train,7611_225,present,2,A_Present
train,7611_315,1_null,6,C_Null
train,7611_45,present,1,A_Present
test,7618_135,present,2,A_Present
test,7618_225,present,1,A_Present
test,7618_315,present,1,A_Present
test,7618_45,present,1,A_Present
test,7633_135,present,4,A_Present
test,7633_225,present,1,A_Present
test,7633_315,1_null,6,C_Null
test,7633_45,present,2,A_Present
train,7645_135,present,1,A_Present
train,7645_225,present,1,A_Present
train,7645_315,1_null,6,C_Null
train,7645_45,1_null,6,C_Null
train,7659_135,present,1,A_Present
train,7659_225,present,2,A_Present
train,7659_315,1_null,6,C_Null
train,7659_45,1_null,6,C_Null
train,7673_135,present,2,A_Present
train,7673_225,present,2,A_Present
train,7673_315,present,2,A_Present
train,7673_45,present,2,A_Present
train,7675_135,present,2,A_Present
train,7675_225,1_null,6,C_Null
train,7675_315,present,2,A_Present
train,7675_45,present,2,A_Present
test,7691_135,1_null,6,C_Null
test,7691_225,1_null,6,C_Null
test,7691_315,present,2,A_Present
test,7691_45,present,2,A_Present
train,7699_135,present,1,A_Present
train,7699_225,1_null,6,C_Null
train,7699_315,present,1,A_Present
train,7699_45,1_null,6,C_Null
train,7743_135,1_null,6,C_Null
train,7743_225,present,2,A_Present
train,7743_315,multiple_present,1,A_Present
train,7743_45,multiple_present,1,A_Present
train,7748_135,1_null,6,C_Null
train,7748_225,1_null,6,C_Null
train,7748_315,multiple_present,1,A_Present
train,7748_45,1_null,6,C_Null
train,7755_135,present,2,A_Present
train,7755_225,present,1,A_Present
train,7755_315,present,1,A_Present
train,7755_45,present,2,A_Present
train,7760_135,present,2,A_Present
train,7760_225,present,2,A_Present
train,7760_315,1_null,6,C_Null
train,7760_45,1_null,6,C_Null
test,7769_135,present,2,A_Present
test,7769_225,multiple_present,1,A_Present
test,7769_315,multiple_present,1,A_Present
test,7769_45,1_null,6,C_Null
train,7837_135,present,2,A_Present
train,7837_225,present,2,A_Present
train,7837_315,present,1,A_Present
train,7837_45,present,1,A_Present
train,7855_135,present,2,A_Present
train,7855_225,present,2,A_Present
train,7855_315,present,2,A_Present
train,7855_45,1_null,6,C_Null
validation,7859_135,1_null,6,C_Null
validation,7859_225,present,3,A_Present
validation,7859_315,present,1,A_Present
validation,7859_45,1_null,6,C_Null
train,7867_135,1_null,6,C_Null
train,7867_225,1_null,6,C_Null
train,7867_315,1_null,6,C_Null
train,7867_45,present,2,A_Present
train,7869_135,1_null,6,C_Null
train,7869_225,1_null,6,C_Null
train,7869_315,1_null,6,C_Null
train,7869_45,1_null,6,C_Null
train,7879_135,1_null,6,C_Null
train,7879_225,1_null,6,C_Null
train,7879_315,1_null,6,C_Null
train,7879_45,1_null,6,C_Null
validation,7909_135,1_null,6,C_Null
validation,7909_225,1_null,6,C_Null
validation,7909_315,1_null,6,C_Null
validation,7909_45,present,2,A_Present
train,7929_135,present,1,A_Present
train,7929_225,present,2,A_Present
train,7929_315,present,2,A_Present
train,7929_45,present,2,A_Present
validation,7970_135,multiple_present,1,A_Present
validation,7970_225,1_null,6,C_Null
validation,7970_315,multiple_present,1,A_Present
validation,7970_45,present,3,A_Present
train,7978_135,1_null,6,C_Null
train,7978_225,1_null,6,C_Null
train,7978_315,1_null,6,C_Null
train,7978_45,present,1,A_Present
train,7985_135,1_null,6,C_Null
train,7985_225,present,2,A_Present
train,7985_315,1_null,6,C_Null
train,7985_45,1_null,6,C_Null
test,8062_135,present,2,A_Present
test,8062_225,present,2,A_Present
test,8062_315,present,2,A_Present
test,8062_45,present,2,A_Present
train,8064_135,1_null,6,C_Null
train,8064_225,1_null,6,C_Null
train,8064_315,present,1,A_Present
train,8064_45,1_null,6,C_Null
train,8080_135,present,2,A_Present
train,8080_225,1_null,6,C_Null
train,8080_315,present,2,A_Present
train,8080_45,present,2,A_Present
train,8192_135,1_null,6,C_Null
train,8192_225,present,2,A_Present
train,8192_315,present,1,A_Present
train,8192_45,1_null,6,C_Null
train,8257_135,present,2,A_Present
train,8257_225,present,2,A_Present
train,8257_315,present,2,A_Present
train,8257_45,present,2,A_Present
train,8261_135,1_null,6,C_Null
train,8261_225,present,2,A_Present
train,8261_315,present,2,A_Present
train,8261_45,1_null,6,C_Null
validation,8399_135,present,2,A_Present
validation,8399_225,present,2,A_Present
validation,8399_315,1_null,6,C_Null
validation,8399_45,present,2,A_Present
train,8447_135,1_null,6,C_Null
train,8447_225,1_null,6,C_Null
train,8447_315,1_null,6,C_Null
train,8447_45,1_null,6,C_Null
train,8462_135,present,2,A_Present
train,8462_225,present,2,A_Present
train,8462_315,present,2,A_Present
train,8462_45,multiple_present,1,A_Present
validation,8475_135,present,1,A_Present
validation,8475_225,1_null,6,C_Null
validation,8475_315,only_missing,3,B_Missing
validation,8475_45,1_null,6,C_Null
train,8483_135,multiple_present,1,A_Present
train,8483_225,multiple_present,1,A_Present
train,8483_315,multiple_present,2,A_Present
train,8483_45,multiple_present,1,A_Present
test,8503_135,1_null,6,C_Null
test,8503_225,1_null,6,C_Null
test,8503_315,1_null,6,C_Null
test,8503_45,present,1,A_Present
train,8531_135,present,2,A_Present
train,8531_225,1_null,6,C_Null
train,8531_315,1_null,6,C_Null
train,8531_45,present,3,A_Present
test,8540_135,present,2,A_Present
test,8540_225,present,1,A_Present
test,8540_315,present,2,A_Present
test,8540_45,present,2,A_Present
train,8558_135,present,2,A_Present
train,8558_225,present,1,A_Present
train,8558_315,present,1,A_Present
train,8558_45,present,2,A_Present
train,8568_135,1_null,6,C_Null
train,8568_225,present,2,A_Present
train,8568_315,present,1,A_Present
train,8568_45,present,1,A_Present
train,8569_135,present,2,A_Present
train,8569_225,present,2,A_Present
train,8569_315,present,1,A_Present
train,8569_45,1_null,6,C_Null
train,8584_135,1_null,6,C_Null
train,8584_225,1_null,6,C_Null
train,8584_315,present,2,A_Present
train,8584_45,present,2,A_Present
train,8589_135,present,2,A_Present
train,8589_225,present,2,A_Present
train,8589_315,present,2,A_Present
train,8589_45,present,1,A_Present
validation,8650_135,1_null,6,C_Null
validation,8650_225,1_null,6,C_Null
validation,8650_315,present,2,A_Present
validation,8650_45,present,2,A_Present
train,8715_135,present,2,A_Present
train,8715_225,present,2,A_Present
train,8715_315,present,2,A_Present
train,8715_45,present,2,A_Present
train,8721_135,present,1,A_Present
train,8721_225,1_null,6,C_Null
train,8721_315,present,2,A_Present
train,8721_45,multiple_present,1,A_Present
validation,8780_135,multiple_present,1,A_Present
validation,8780_225,present,2,A_Present
validation,8780_315,present,4,A_Present
validation,8780_45,present,3,A_Present
train,8787_135,present,1,A_Present
train,8787_225,present,2,A_Present
train,8787_315,present,2,A_Present
train,8787_45,present,2,A_Present
train,8791_135,present,2,A_Present
train,8791_225,present,2,A_Present
train,8791_315,present,2,A_Present
train,8791_45,only_missing,1,B_Missing
train,8828_135,present,1,A_Present
train,8828_225,present,1,A_Present
train,8828_315,present,2,A_Present
train,8828_45,present,1,A_Present
train,8829_135,multiple_present,2,A_Present
train,8829_225,present,2,A_Present
train,8829_315,present,3,A_Present
train,8829_45,multiple_present,2,A_Present
validation,8839_135,present,2,A_Present
validation,8839_225,present,2,A_Present
validation,8839_315,present,2,A_Present
validation,8839_45,present,1,A_Present
train,8853_135,present,1,A_Present
train,8853_225,present,2,A_Present
train,8853_315,1_null,6,C_Null
train,8853_45,present,1,A_Present
validation,8861_135,1_null,6,C_Null
validation,8861_225,present,1,A_Present
validation,8861_315,present,2,A_Present
validation,8861_45,present,2,A_Present
train,8897_135,1_null,6,C_Null
train,8897_225,1_null,6,C_Null
train,8897_315,present,3,A_Present
train,8897_45,1_null,6,C_Null
test,8945_135,present,2,A_Present
test,8945_225,present,2,A_Present
test,8945_315,1_null,6,C_Null
test,8945_45,present,2,A_Present
validation,8997_135,1_null,6,C_Null
validation,8997_225,1_null,6,C_Null
validation,8997_315,1_null,6,C_Null
validation,8997_45,1_null,6,C_Null
validation,9006_135,1_null,6,C_Null
validation,9006_225,present,2,A_Present
validation,9006_315,present,2,A_Present
validation,9006_45,1_null,6,C_Null
validation,9023_135,1_null,6,C_Null
validation,9023_225,present,1,A_Present
validation,9023_315,1_null,6,C_Null
validation,9023_45,1_null,6,C_Null
train,9052_135,present,2,A_Present
train,9052_225,1_null,6,C_Null
train,9052_315,1_null,6,C_Null
train,9052_45,present,2,A_Present
train,9127_135,1_null,6,C_Null
train,9127_225,present,1,A_Present
train,9127_315,1_null,6,C_Null
train,9127_45,1_null,6,C_Null
train,9175_135,1_null,6,C_Null
train,9175_225,present,1,A_Present
train,9175_315,1_null,6,C_Null
train,9175_45,present,2,A_Present
test,92_135,1_null,6,C_Null
test,92_225,1_null,6,C_Null
test,92_315,1_null,6,C_Null
test,92_45,1_null,6,C_Null
validation,9552_135,only_missing,3,B_Missing
validation,9552_225,only_missing,3,B_Missing
validation,9552_315,1_null,6,C_Null
validation,9552_45,present,2,A_Present
train,9557_135,present,2,A_Present
train,9557_225,present,1,A_Present
train,9557_315,present,2,A_Present
train,9557_45,present,1,A_Present
test,9564_135,present,1,A_Present
test,9564_225,present,2,A_Present
test,9564_315,present,2,A_Present
test,9564_45,present,2,A_Present
validation,9676_135,1_null,6,C_Null
validation,9676_225,1_null,6,C_Null
validation,9676_315,present,1,A_Present
validation,9676_45,present,1,A_Present
train,9716_135,present,2,A_Present
train,9716_225,present,2,A_Present
train,9716_315,present,1,A_Present
train,9716_45,present,2,A_Present
test,9744_135,1_null,6,C_Null
test,9744_225,1_null,6,C_Null
test,9744_315,1_null,6,C_Null
test,9744_45,1_null,6,C_Null
train,9756_135,present,1,A_Present
train,9756_225,1_null,6,C_Null
train,9756_315,present,2,A_Present
train,9756_45,present,2,A_Present
test,9780_135,1_null,6,C_Null
test,9780_225,present,1,A_Present
test,9780_315,present,2,A_Present
test,9780_45,present,2,A_Present
train,9808_135,1_null,6,C_Null
train,9808_225,1_null,6,C_Null
train,9808_315,only_missing,1,B_Missing
train,9808_45,present,1,A_Present
train,9827_135,present,2,A_Present
train,9827_225,present,2,A_Present
train,9827_315,present,2,A_Present
train,9827_45,present,2,A_Present
train,9852_135,1_null,6,C_Null
train,9852_225,1_null,6,C_Null
train,9852_315,present,2,A_Present
train,9852_45,1_null,6,C_Null
train,9864_135,present,1,A_Present
train,9864_225,1_null,6,C_Null
train,9864_315,1_null,6,C_Null
train,9864_45,present,1,A_Present
train,9987_135,1_null,6,C_Null
train,9987_225,present,1,A_Present
train,9987_315,present,2,A_Present
train,9987_45,present,2,A_Present
