img_id,heading,crop_num,jpg_name,present_ramp,missing_ramp,total_count,includes_both,ground_truth,train/val/test,folder_label
12578,315,C,12578_315_C.jpg,0.0,1.0,1.0,False,only_missing,train,0_missing
12578,135,C,12578_135_C.jpg,0.0,1.0,1.0,False,only_missing,train,0_missing
16258,135,C,16258_135_C.jpg,0.0,1.0,1.0,False,only_missing,train,0_missing
1663,135,C,1663_135_C.jpg,0.0,1.0,1.0,False,only_missing,train,0_missing
18158,225,C,18158_225_C.jpg,0.0,1.0,1.0,False,only_missing,train,0_missing
18802,315,C,18802_315_C.jpg,0.0,1.0,1.0,False,only_missing,train,0_missing
18955,135,C,18955_135_C.jpg,0.0,1.0,1.0,False,only_missing,train,0_missing
18998,45,C,18998_45_C.jpg,0.0,1.0,1.0,False,only_missing,train,0_missing
19027,315,C,19027_315_C.jpg,0.0,1.0,1.0,False,only_missing,train,0_missing
2210,315,C,2210_315_C.jpg,0.0,1.0,1.0,False,only_missing,train,0_missing
2446,225,C,2446_225_C.jpg,0.0,1.0,1.0,False,only_missing,train,0_missing
2957,135,C,2957_135_C.jpg,0.0,1.0,1.0,False,only_missing,train,0_missing
5241,45,C,5241_45_C.jpg,0.0,1.0,1.0,False,only_missing,train,0_missing
7755,45,C,7755_45_C.jpg,0.0,1.0,1.0,False,only_missing,train,0_missing
8531,135,C,8531_135_C.jpg,0.0,1.0,1.0,False,only_missing,train,0_missing
8829,135,C,8829_135_C.jpg,0.0,1.0,1.0,False,only_missing,train,0_missing
10076,315,D,10076_315_D.jpg,0.0,1.0,1.0,False,only_missing,train,0_missing
12578,315,D,12578_315_D.jpg,0.0,1.0,1.0,False,only_missing,train,0_missing
1636,225,D,1636_225_D.jpg,0.0,1.0,1.0,False,only_missing,train,0_missing
1663,315,D,1663_315_D.jpg,0.0,1.0,1.0,False,only_missing,train,0_missing
17892,135,D,17892_135_D.jpg,0.0,1.0,1.0,False,only_missing,train,0_missing
19029,225,D,19029_225_D.jpg,0.0,1.0,1.0,False,only_missing,train,0_missing
4093,225,D,4093_225_D.jpg,0.0,1.0,1.0,False,only_missing,train,0_missing
4093,315,D,4093_315_D.jpg,0.0,1.0,1.0,False,only_missing,train,0_missing
4918,135,D,4918_135_D.jpg,0.0,1.0,1.0,False,only_missing,train,0_missing
5196,45,D,5196_45_D.jpg,0.0,1.0,1.0,False,only_missing,train,0_missing
5373,315,D,5373_315_D.jpg,0.0,1.0,1.0,False,only_missing,train,0_missing
6500,225,D,6500_225_D.jpg,0.0,1.0,1.0,False,only_missing,train,0_missing
7755,135,D,7755_135_D.jpg,0.0,1.0,1.0,False,only_missing,train,0_missing
8531,135,D,8531_135_D.jpg,0.0,1.0,1.0,False,only_missing,train,0_missing
8589,225,D,8589_225_D.jpg,0.0,1.0,1.0,False,only_missing,train,0_missing
8791,315,D,8791_315_D.jpg,0.0,1.0,1.0,False,only_missing,train,0_missing
8791,45,D,8791_45_D.jpg,0.0,1.0,1.0,False,only_missing,train,0_missing
9808,315,D,9808_315_D.jpg,0.0,1.0,1.0,False,only_missing,train,0_missing
10702,315,B,10702_315_B.jpg,0.0,1.0,1.0,False,only_missing,train,0_missing
16258,135,B,16258_135_B.jpg,0.0,1.0,1.0,False,only_missing,train,0_missing
18158,225,B,18158_225_B.jpg,0.0,1.0,1.0,False,only_missing,train,0_missing
18158,315,B,18158_315_B.jpg,0.0,1.0,1.0,False,only_missing,train,0_missing
18802,315,B,18802_315_B.jpg,0.0,1.0,1.0,False,only_missing,train,0_missing
18969,315,B,18969_315_B.jpg,0.0,1.0,1.0,False,only_missing,train,0_missing
18998,315,B,18998_315_B.jpg,0.0,1.0,1.0,False,only_missing,train,0_missing
18998,45,B,18998_45_B.jpg,0.0,2.0,2.0,False,only_missing,train,0_missing
19027,315,B,19027_315_B.jpg,0.0,1.0,1.0,False,only_missing,train,0_missing
19029,225,B,19029_225_B.jpg,0.0,1.0,1.0,False,only_missing,train,0_missing
2446,225,B,2446_225_B.jpg,0.0,1.0,1.0,False,only_missing,train,0_missing
2957,135,B,2957_135_B.jpg,0.0,1.0,1.0,False,only_missing,train,0_missing
4047,135,B,4047_135_B.jpg,0.0,1.0,1.0,False,only_missing,train,0_missing
5588,135,B,5588_135_B.jpg,0.0,1.0,1.0,False,only_missing,train,0_missing
8791,225,B,8791_225_B.jpg,0.0,1.0,1.0,False,only_missing,train,0_missing
10076,315,E,10076_315_E.jpg,0.0,1.0,1.0,False,only_missing,train,0_missing
17892,135,E,17892_135_E.jpg,0.0,1.0,1.0,False,only_missing,train,0_missing
19029,225,E,19029_225_E.jpg,0.0,1.0,1.0,False,only_missing,train,0_missing
4093,225,E,4093_225_E.jpg,0.0,1.0,1.0,False,only_missing,train,0_missing
4093,315,E,4093_315_E.jpg,0.0,1.0,1.0,False,only_missing,train,0_missing
6500,225,E,6500_225_E.jpg,0.0,1.0,1.0,False,only_missing,train,0_missing
8791,315,E,8791_315_E.jpg,0.0,1.0,1.0,False,only_missing,train,0_missing
10702,225,F,10702_225_F.jpg,0.0,1.0,1.0,False,only_missing,train,0_missing
12776,225,F,12776_225_F.jpg,0.0,1.0,1.0,False,only_missing,train,0_missing
18278,135,F,18278_135_F.jpg,0.0,1.0,1.0,False,only_missing,train,0_missing
18969,45,F,18969_45_F.jpg,0.0,1.0,1.0,False,only_missing,train,0_missing
6500,225,F,6500_225_F.jpg,0.0,1.0,1.0,False,only_missing,train,0_missing
8589,45,F,8589_45_F.jpg,0.0,1.0,1.0,False,only_missing,train,0_missing
10076,315,A,10076_315_A.jpg,0.0,1.0,1.0,False,only_missing,train,0_missing
18158,225,A,18158_225_A.jpg,0.0,1.0,1.0,False,only_missing,train,0_missing
18158,315,A,18158_315_A.jpg,0.0,1.0,1.0,False,only_missing,train,0_missing
18278,225,A,18278_225_A.jpg,0.0,1.0,1.0,False,only_missing,train,0_missing
18401,135,A,18401_135_A.jpg,0.0,1.0,1.0,False,only_missing,train,0_missing
18802,225,A,18802_225_A.jpg,0.0,1.0,1.0,False,only_missing,train,0_missing
18969,315,A,18969_315_A.jpg,0.0,1.0,1.0,False,only_missing,train,0_missing
18969,135,A,18969_135_A.jpg,0.0,1.0,1.0,False,only_missing,train,0_missing
18998,315,A,18998_315_A.jpg,0.0,1.0,1.0,False,only_missing,train,0_missing
18998,45,A,18998_45_A.jpg,0.0,1.0,1.0,False,only_missing,train,0_missing
19029,225,A,19029_225_A.jpg,0.0,1.0,1.0,False,only_missing,train,0_missing
5588,135,A,5588_135_A.jpg,0.0,1.0,1.0,False,only_missing,train,0_missing
8791,225,A,8791_225_A.jpg,0.0,1.0,1.0,False,only_missing,train,0_missing
7136,135,F,7136_135_F.jpg,0.0,0.0,0.0,False,1_null,train,1_null
5624,135,A,5624_135_A.jpg,0.0,0.0,0.0,False,1_null,train,1_null
7760,315,A,7760_315_A.jpg,0.0,0.0,0.0,False,1_null,train,1_null
5194,315,C,5194_315_C.jpg,0.0,0.0,0.0,False,1_null,train,1_null
19039,135,E,19039_135_E.jpg,0.0,0.0,0.0,False,1_null,train,1_null
13838,135,A,13838_135_A.jpg,0.0,0.0,0.0,False,1_null,train,1_null
3654,225,A,3654_225_A.jpg,0.0,0.0,0.0,False,1_null,train,1_null
1936,45,E,1936_45_E.jpg,0.0,0.0,0.0,False,1_null,train,1_null
8257,135,B,8257_135_B.jpg,0.0,0.0,0.0,False,1_null,train,1_null
19003,45,C,19003_45_C.jpg,0.0,0.0,0.0,False,1_null,train,1_null
12051,45,C,12051_45_C.jpg,0.0,0.0,0.0,False,1_null,train,1_null
18128,45,B,18128_45_B.jpg,0.0,0.0,0.0,False,1_null,train,1_null
7978,315,F,7978_315_F.jpg,0.0,0.0,0.0,False,1_null,train,1_null
4639,315,D,4639_315_D.jpg,0.0,0.0,0.0,False,1_null,train,1_null
9127,225,A,9127_225_A.jpg,0.0,0.0,0.0,False,1_null,train,1_null
12273,315,B,12273_315_B.jpg,0.0,0.0,0.0,False,1_null,train,1_null
5476,45,A,5476_45_A.jpg,0.0,0.0,0.0,False,1_null,train,1_null
1914,315,D,1914_315_D.jpg,0.0,0.0,0.0,False,1_null,train,1_null
2460,315,F,2460_315_F.jpg,0.0,0.0,0.0,False,1_null,train,1_null
1205,225,F,1205_225_F.jpg,0.0,0.0,0.0,False,1_null,train,1_null
8568,45,A,8568_45_A.jpg,0.0,0.0,0.0,False,1_null,train,1_null
16614,315,C,16614_315_C.jpg,0.0,0.0,0.0,False,1_null,train,1_null
945,45,B,945_45_B.jpg,0.0,0.0,0.0,False,1_null,train,1_null
18281,315,D,18281_315_D.jpg,0.0,0.0,0.0,False,1_null,train,1_null
12305,225,D,12305_225_D.jpg,0.0,0.0,0.0,False,1_null,train,1_null
9827,45,F,9827_45_F.jpg,0.0,0.0,0.0,False,1_null,train,1_null
16826,135,E,16826_135_E.jpg,0.0,0.0,0.0,False,1_null,train,1_null
4615,135,A,4615_135_A.jpg,0.0,0.0,0.0,False,1_null,train,1_null
6468,225,D,6468_225_D.jpg,0.0,0.0,0.0,False,1_null,train,1_null
8064,315,B,8064_315_B.jpg,0.0,0.0,0.0,False,1_null,train,1_null
16376,135,F,16376_135_F.jpg,0.0,0.0,0.0,False,1_null,train,1_null
9987,45,E,9987_45_E.jpg,0.0,0.0,0.0,False,1_null,train,1_null
11295,315,E,11295_315_E.jpg,0.0,0.0,0.0,False,1_null,train,1_null
15629,45,F,15629_45_F.jpg,0.0,0.0,0.0,False,1_null,train,1_null
12776,135,A,12776_135_A.jpg,0.0,0.0,0.0,False,1_null,train,1_null
16254,225,D,16254_225_D.jpg,0.0,0.0,0.0,False,1_null,train,1_null
6500,135,A,6500_135_A.jpg,0.0,0.0,0.0,False,1_null,train,1_null
8192,225,D,8192_225_D.jpg,0.0,0.0,0.0,False,1_null,train,1_null
11775,135,C,11775_135_C.jpg,0.0,0.0,0.0,False,1_null,train,1_null
19316,135,D,19316_135_D.jpg,0.0,0.0,0.0,False,1_null,train,1_null
11677,315,C,11677_315_C.jpg,0.0,0.0,0.0,False,1_null,train,1_null
17973,315,A,17973_315_A.jpg,0.0,0.0,0.0,False,1_null,train,1_null
15976,315,F,15976_315_F.jpg,0.0,0.0,0.0,False,1_null,train,1_null
5758,225,D,5758_225_D.jpg,0.0,0.0,0.0,False,1_null,train,1_null
2087,225,A,2087_225_A.jpg,0.0,0.0,0.0,False,1_null,train,1_null
16377,315,D,16377_315_D.jpg,0.0,0.0,0.0,False,1_null,train,1_null
6343,225,E,6343_225_E.jpg,0.0,0.0,0.0,False,1_null,train,1_null
19027,45,E,19027_45_E.jpg,0.0,0.0,0.0,False,1_null,train,1_null
18151,225,E,18151_225_E.jpg,0.0,0.0,0.0,False,1_null,train,1_null
7869,45,C,7869_45_C.jpg,0.0,0.0,0.0,False,1_null,train,1_null
4047,135,E,4047_135_E.jpg,0.0,0.0,0.0,False,1_null,train,1_null
6662,135,F,6662_135_F.jpg,0.0,0.0,0.0,False,1_null,train,1_null
18998,135,A,18998_135_A.jpg,0.0,0.0,0.0,False,1_null,train,1_null
8715,135,C,8715_135_C.jpg,0.0,0.0,0.0,False,1_null,train,1_null
17002,315,E,17002_315_E.jpg,0.0,0.0,0.0,False,1_null,train,1_null
5894,315,E,5894_315_E.jpg,0.0,0.0,0.0,False,1_null,train,1_null
12057,315,E,12057_315_E.jpg,0.0,0.0,0.0,False,1_null,train,1_null
10018,225,D,10018_225_D.jpg,0.0,0.0,0.0,False,1_null,train,1_null
12367,225,B,12367_225_B.jpg,0.0,0.0,0.0,False,1_null,train,1_null
17392,315,B,17392_315_B.jpg,0.0,0.0,0.0,False,1_null,train,1_null
9557,135,E,9557_135_E.jpg,0.0,0.0,0.0,False,1_null,train,1_null
19025,315,C,19025_315_C.jpg,0.0,0.0,0.0,False,1_null,train,1_null
18396,45,F,18396_45_F.jpg,0.0,0.0,0.0,False,1_null,train,1_null
3524,225,B,3524_225_B.jpg,0.0,0.0,0.0,False,1_null,train,1_null
18278,45,B,18278_45_B.jpg,0.0,0.0,0.0,False,1_null,train,1_null
10086,45,F,10086_45_F.jpg,0.0,0.0,0.0,False,1_null,train,1_null
8828,315,E,8828_315_E.jpg,0.0,0.0,0.0,False,1_null,train,1_null
18944,135,D,18944_135_D.jpg,0.0,0.0,0.0,False,1_null,train,1_null
13838,45,A,13838_45_A.jpg,0.0,0.0,0.0,False,1_null,train,1_null
18128,135,B,18128_135_B.jpg,0.0,0.0,0.0,False,1_null,train,1_null
3524,225,A,3524_225_A.jpg,0.0,0.0,0.0,False,1_null,train,1_null
6468,135,E,6468_135_E.jpg,0.0,0.0,0.0,False,1_null,train,1_null
17388,45,A,17388_45_A.jpg,0.0,0.0,0.0,False,1_null,train,1_null
5018,135,D,5018_135_D.jpg,0.0,0.0,0.0,False,1_null,train,1_null
3914,45,D,3914_45_D.jpg,0.0,0.0,0.0,False,1_null,train,1_null
18254,135,D,18254_135_D.jpg,0.0,0.0,0.0,False,1_null,train,1_null
7155,135,E,7155_135_E.jpg,0.0,0.0,0.0,False,1_null,train,1_null
17973,45,E,17973_45_E.jpg,0.0,0.0,0.0,False,1_null,train,1_null
9987,225,B,9987_225_B.jpg,0.0,0.0,0.0,False,1_null,train,1_null
14188,135,A,14188_135_A.jpg,0.0,0.0,0.0,False,1_null,train,1_null
9557,135,D,9557_135_D.jpg,0.0,0.0,0.0,False,1_null,train,1_null
11765,135,E,11765_135_E.jpg,0.0,0.0,0.0,False,1_null,train,1_null
5196,315,A,5196_315_A.jpg,0.0,0.0,0.0,False,1_null,train,1_null
4047,45,A,4047_45_A.jpg,0.0,0.0,0.0,False,1_null,train,1_null
12781,135,D,12781_135_D.jpg,0.0,0.0,0.0,False,1_null,train,1_null
18810,315,B,18810_315_B.jpg,0.0,0.0,0.0,False,1_null,train,1_null
17974,225,F,17974_225_F.jpg,0.0,0.0,0.0,False,1_null,train,1_null
2446,315,A,2446_315_A.jpg,0.0,0.0,0.0,False,1_null,train,1_null
18075,135,D,18075_135_D.jpg,0.0,0.0,0.0,False,1_null,train,1_null
1636,45,B,1636_45_B.jpg,0.0,0.0,0.0,False,1_null,train,1_null
17392,225,B,17392_225_B.jpg,0.0,0.0,0.0,False,1_null,train,1_null
19027,45,B,19027_45_B.jpg,0.0,0.0,0.0,False,1_null,train,1_null
10782,225,D,10782_225_D.jpg,0.0,0.0,0.0,False,1_null,train,1_null
15858,45,F,15858_45_F.jpg,0.0,0.0,0.0,False,1_null,train,1_null
5116,45,F,5116_45_F.jpg,0.0,0.0,0.0,False,1_null,train,1_null
19316,315,E,19316_315_E.jpg,0.0,0.0,0.0,False,1_null,train,1_null
16275,135,F,16275_135_F.jpg,0.0,0.0,0.0,False,1_null,train,1_null
8721,225,F,8721_225_F.jpg,0.0,0.0,0.0,False,1_null,train,1_null
18151,225,D,18151_225_D.jpg,0.0,0.0,0.0,False,1_null,train,1_null
5241,45,E,5241_45_E.jpg,0.0,0.0,0.0,False,1_null,train,1_null
6520,315,C,6520_315_C.jpg,1.0,0.0,1.0,False,present,train,2_present
18920,225,C,18920_225_C.jpg,1.0,0.0,1.0,False,present,train,2_present
17411,135,C,17411_135_C.jpg,1.0,0.0,1.0,False,present,train,2_present
8261,315,D,8261_315_D.jpg,1.0,0.0,1.0,False,present,train,2_present
2666,135,B,2666_135_B.jpg,1.0,0.0,1.0,False,present,train,2_present
18253,135,E,18253_135_E.jpg,1.0,0.0,1.0,False,present,train,2_present
16376,45,B,16376_45_B.jpg,1.0,0.0,1.0,False,present,train,2_present
7837,135,D,7837_135_D.jpg,1.0,0.0,1.0,False,present,train,2_present
10277,135,C,10277_135_C.jpg,2.0,0.0,2.0,False,multiple_present,train,2_present
4615,45,F,4615_45_F.jpg,1.0,0.0,1.0,False,present,train,2_present
18965,225,D,18965_225_D.jpg,1.0,0.0,1.0,False,present,train,2_present
13198,225,C,13198_225_C.jpg,1.0,0.0,1.0,False,present,train,2_present
8462,45,D,8462_45_D.jpg,1.0,0.0,1.0,False,present,train,2_present
6753,135,E,6753_135_E.jpg,1.0,0.0,1.0,False,present,train,2_present
19133,135,E,19133_135_E.jpg,1.0,0.0,1.0,False,present,train,2_present
19124,315,C,19124_315_C.jpg,2.0,0.0,2.0,False,multiple_present,train,2_present
4460,135,D,4460_135_D.jpg,1.0,0.0,1.0,False,present,train,2_present
5308,45,D,5308_45_D.jpg,1.0,0.0,1.0,False,present,train,2_present
19124,225,A,19124_225_A.jpg,1.0,0.0,1.0,False,present,train,2_present
16743,135,E,16743_135_E.jpg,1.0,0.0,1.0,False,present,train,2_present
12266,45,D,12266_45_D.jpg,1.0,0.0,1.0,False,present,train,2_present
12367,135,C,12367_135_C.jpg,1.0,0.0,1.0,False,present,train,2_present
15629,225,F,15629_225_F.jpg,1.0,0.0,1.0,False,present,train,2_present
13513,45,E,13513_45_E.jpg,1.0,0.0,1.0,False,present,train,2_present
12258,135,E,12258_135_E.jpg,1.0,0.0,1.0,False,present,train,2_present
15188,315,B,15188_315_B.jpg,1.0,0.0,1.0,False,present,train,2_present
14073,225,C,14073_225_C.jpg,1.0,0.0,1.0,False,present,train,2_present
12273,45,B,12273_45_B.jpg,1.0,0.0,1.0,False,present,train,2_present
7755,225,C,7755_225_C.jpg,1.0,0.0,1.0,False,present,train,2_present
6343,45,D,6343_45_D.jpg,1.0,0.0,1.0,False,present,train,2_present
6852,225,E,6852_225_E.jpg,1.0,0.0,1.0,False,present,train,2_present
680,135,B,680_135_B.jpg,1.0,0.0,1.0,False,present,train,2_present
5196,135,D,5196_135_D.jpg,1.0,0.0,1.0,False,present,train,2_present
7673,225,D,7673_225_D.jpg,1.0,0.0,1.0,False,present,train,2_present
13513,135,C,13513_135_C.jpg,1.0,0.0,1.0,False,present,train,2_present
17411,45,A,17411_45_A.jpg,1.0,0.0,1.0,False,present,train,2_present
11206,135,C,11206_135_C.jpg,1.0,0.0,1.0,False,present,train,2_present
1926,45,C,1926_45_C.jpg,1.0,0.0,1.0,False,present,train,2_present
18969,135,F,18969_135_F.jpg,1.0,0.0,1.0,False,present,train,2_present
4726,45,C,4726_45_C.jpg,1.0,0.0,1.0,False,present,train,2_present
13373,135,D,13373_135_D.jpg,1.0,0.0,1.0,False,present,train,2_present
12874,45,F,12874_45_F.jpg,1.0,0.0,1.0,False,present,train,2_present
12255,45,D,12255_45_D.jpg,1.0,0.0,1.0,False,present,train,2_present
6852,135,C,6852_135_C.jpg,1.0,0.0,1.0,False,present,train,2_present
18218,225,A,18218_225_A.jpg,1.0,0.0,1.0,False,present,train,2_present
19028,45,B,19028_45_B.jpg,1.0,0.0,1.0,False,present,train,2_present
17047,45,C,17047_45_C.jpg,1.0,0.0,1.0,False,present,train,2_present
10702,135,B,10702_135_B.jpg,2.0,0.0,2.0,False,multiple_present,train,2_present
16614,225,A,16614_225_A.jpg,1.0,0.0,1.0,False,present,train,2_present
6500,225,A,6500_225_A.jpg,1.0,0.0,1.0,False,present,train,2_present
16679,315,D,16679_315_D.jpg,1.0,0.0,1.0,False,present,train,2_present
16824,135,E,16824_135_E.jpg,1.0,0.0,1.0,False,present,train,2_present
19039,315,F,19039_315_F.jpg,1.0,0.0,1.0,False,present,train,2_present
16254,225,F,16254_225_F.jpg,1.0,0.0,1.0,False,present,train,2_present
5373,45,D,5373_45_D.jpg,1.0,0.0,1.0,False,present,train,2_present
11206,225,D,11206_225_D.jpg,1.0,0.0,1.0,False,present,train,2_present
5116,225,C,5116_225_C.jpg,1.0,0.0,1.0,False,present,train,2_present
11856,315,C,11856_315_C.jpg,1.0,0.0,1.0,False,present,train,2_present
7929,225,E,7929_225_E.jpg,1.0,0.0,1.0,False,present,train,2_present
17247,45,D,17247_45_D.jpg,1.0,0.0,1.0,False,present,train,2_present
17651,315,C,17651_315_C.jpg,1.0,0.0,1.0,False,present,train,2_present
9052,135,D,9052_135_D.jpg,1.0,0.0,1.0,False,present,train,2_present
17436,315,C,17436_315_C.jpg,1.0,0.0,1.0,False,present,train,2_present
8462,225,D,8462_225_D.jpg,1.0,0.0,1.0,False,present,train,2_present
10277,225,C,10277_225_C.jpg,1.0,0.0,1.0,False,present,train,2_present
6544,45,D,6544_45_D.jpg,1.0,0.0,1.0,False,present,train,2_present
12781,135,F,12781_135_F.jpg,1.0,0.0,1.0,False,present,train,2_present
19028,135,E,19028_135_E.jpg,1.0,0.0,1.0,False,present,train,2_present
18955,225,F,18955_225_F.jpg,1.0,0.0,1.0,False,present,train,2_present
18944,225,E,18944_225_E.jpg,1.0,0.0,1.0,False,present,train,2_present
7155,315,C,7155_315_C.jpg,1.0,0.0,1.0,False,present,train,2_present
5308,45,C,5308_45_C.jpg,1.0,0.0,1.0,False,present,train,2_present
10076,315,B,10076_315_B.jpg,1.0,1.0,2.0,True,present,train,2_present
17051,45,D,17051_45_D.jpg,1.0,0.0,1.0,False,present,train,2_present
17392,45,C,17392_45_C.jpg,1.0,0.0,1.0,False,present,train,2_present
18965,315,C,18965_315_C.jpg,1.0,0.0,1.0,False,present,train,2_present
15629,315,D,15629_315_D.jpg,1.0,0.0,1.0,False,present,train,2_present
4903,45,E,4903_45_E.jpg,1.0,0.0,1.0,False,present,train,2_present
18278,225,F,18278_225_F.jpg,1.0,0.0,1.0,False,present,train,2_present
10407,225,D,10407_225_D.jpg,1.0,0.0,1.0,False,present,train,2_present
6500,315,A,6500_315_A.jpg,1.0,0.0,1.0,False,present,train,2_present
6950,225,D,6950_225_D.jpg,1.0,0.0,1.0,False,present,train,2_present
9127,225,F,9127_225_F.jpg,1.0,0.0,1.0,False,present,train,2_present
7611,225,D,7611_225_D.jpg,1.0,0.0,1.0,False,present,train,2_present
18998,225,C,18998_225_C.jpg,1.0,0.0,1.0,False,present,train,2_present
18399,225,B,18399_225_B.jpg,2.0,0.0,2.0,False,multiple_present,train,2_present
19299,315,E,19299_315_E.jpg,1.0,0.0,1.0,False,present,train,2_present
5362,225,E,5362_225_E.jpg,1.0,0.0,1.0,False,present,train,2_present
2093,315,D,2093_315_D.jpg,1.0,0.0,1.0,False,present,train,2_present
3751,135,D,3751_135_D.jpg,1.0,0.0,1.0,False,present,train,2_present
7611,225,C,7611_225_C.jpg,1.0,0.0,1.0,False,present,train,2_present
11985,225,B,11985_225_B.jpg,1.0,0.0,1.0,False,present,train,2_present
15858,45,C,15858_45_C.jpg,1.0,0.0,1.0,False,present,train,2_present
11206,315,D,11206_315_D.jpg,1.0,0.0,1.0,False,present,train,2_present
9827,45,C,9827_45_C.jpg,1.0,0.0,1.0,False,present,train,2_present
17974,135,C,17974_135_C.jpg,1.0,0.0,1.0,False,present,train,2_present
10702,135,C,10702_135_C.jpg,1.0,0.0,1.0,False,present,train,2_present
1914,315,F,1914_315_F.jpg,1.0,0.0,1.0,False,present,train,2_present
5362,315,D,5362_315_D.jpg,1.0,0.0,1.0,False,present,train,2_present
2210,135,D,2210_135_D.jpg,1.0,0.0,1.0,False,present,train,2_present
4350,315,C,4350_315_C.jpg,0.0,1.0,1.0,False,only_missing,validation,0_missing
8475,315,C,8475_315_C.jpg,0.0,1.0,1.0,False,only_missing,validation,0_missing
9552,225,C,9552_225_C.jpg,0.0,1.0,1.0,False,only_missing,validation,0_missing
9552,135,C,9552_135_C.jpg,0.0,2.0,2.0,False,only_missing,validation,0_missing
1721,225,D,1721_225_D.jpg,0.0,1.0,1.0,False,only_missing,validation,0_missing
9552,135,D,9552_135_D.jpg,0.0,1.0,1.0,False,only_missing,validation,0_missing
1721,315,B,1721_315_B.jpg,0.0,1.0,1.0,False,only_missing,validation,0_missing
18989,45,B,18989_45_B.jpg,0.0,1.0,1.0,False,only_missing,validation,0_missing
18989,135,B,18989_135_B.jpg,0.0,1.0,1.0,False,only_missing,validation,0_missing
3517,315,B,3517_315_B.jpg,0.0,1.0,1.0,False,only_missing,validation,0_missing
4350,135,B,4350_135_B.jpg,0.0,1.0,1.0,False,only_missing,validation,0_missing
8475,315,B,8475_315_B.jpg,0.0,1.0,1.0,False,only_missing,validation,0_missing
9552,225,B,9552_225_B.jpg,0.0,1.0,1.0,False,only_missing,validation,0_missing
9552,135,B,9552_135_B.jpg,0.0,1.0,1.0,False,only_missing,validation,0_missing
1721,225,E,1721_225_E.jpg,0.0,1.0,1.0,False,only_missing,validation,0_missing
8861,225,E,8861_225_E.jpg,0.0,1.0,1.0,False,only_missing,validation,0_missing
18989,225,F,18989_225_F.jpg,0.0,1.0,1.0,False,only_missing,validation,0_missing
8475,315,F,8475_315_F.jpg,0.0,1.0,1.0,False,only_missing,validation,0_missing
8861,225,F,8861_225_F.jpg,0.0,1.0,1.0,False,only_missing,validation,0_missing
18989,315,A,18989_315_A.jpg,0.0,1.0,1.0,False,only_missing,validation,0_missing
18989,45,A,18989_45_A.jpg,0.0,1.0,1.0,False,only_missing,validation,0_missing
18989,135,A,18989_135_A.jpg,0.0,1.0,1.0,False,only_missing,validation,0_missing
3517,45,A,3517_45_A.jpg,0.0,1.0,1.0,False,only_missing,validation,0_missing
8861,315,A,8861_315_A.jpg,0.0,1.0,1.0,False,only_missing,validation,0_missing
9552,225,A,9552_225_A.jpg,0.0,1.0,1.0,False,only_missing,validation,0_missing
13839,45,D,13839_45_D.jpg,0.0,0.0,0.0,False,1_null,validation,1_null
8997,225,F,8997_225_F.jpg,0.0,0.0,0.0,False,1_null,validation,1_null
9676,315,D,9676_315_D.jpg,0.0,0.0,0.0,False,1_null,validation,1_null
7909,315,D,7909_315_D.jpg,0.0,0.0,0.0,False,1_null,validation,1_null
12066,45,B,12066_45_B.jpg,0.0,0.0,0.0,False,1_null,validation,1_null
4294,45,F,4294_45_F.jpg,0.0,0.0,0.0,False,1_null,validation,1_null
17850,315,D,17850_315_D.jpg,0.0,0.0,0.0,False,1_null,validation,1_null
7909,315,E,7909_315_E.jpg,0.0,0.0,0.0,False,1_null,validation,1_null
6746,315,F,6746_315_F.jpg,0.0,0.0,0.0,False,1_null,validation,1_null
8997,225,A,8997_225_A.jpg,0.0,0.0,0.0,False,1_null,validation,1_null
17038,45,D,17038_45_D.jpg,0.0,0.0,0.0,False,1_null,validation,1_null
6746,135,B,6746_135_B.jpg,0.0,0.0,0.0,False,1_null,validation,1_null
12277,45,D,12277_45_D.jpg,0.0,0.0,0.0,False,1_null,validation,1_null
19078,45,E,19078_45_E.jpg,0.0,0.0,0.0,False,1_null,validation,1_null
7389,45,A,7389_45_A.jpg,0.0,0.0,0.0,False,1_null,validation,1_null
12277,315,A,12277_315_A.jpg,0.0,0.0,0.0,False,1_null,validation,1_null
8997,135,D,8997_135_D.jpg,0.0,0.0,0.0,False,1_null,validation,1_null
12590,315,A,12590_315_A.jpg,0.0,0.0,0.0,False,1_null,validation,1_null
16931,315,B,16931_315_B.jpg,0.0,0.0,0.0,False,1_null,validation,1_null
1721,135,A,1721_135_A.jpg,0.0,0.0,0.0,False,1_null,validation,1_null
15216,135,D,15216_135_D.jpg,0.0,0.0,0.0,False,1_null,validation,1_null
10013,315,A,10013_315_A.jpg,0.0,0.0,0.0,False,1_null,validation,1_null
3573,315,F,3573_315_F.jpg,0.0,0.0,0.0,False,1_null,validation,1_null
17385,225,E,17385_225_E.jpg,0.0,0.0,0.0,False,1_null,validation,1_null
18150,135,F,18150_135_F.jpg,0.0,0.0,0.0,False,1_null,validation,1_null
17005,315,E,17005_315_E.jpg,0.0,0.0,0.0,False,1_null,validation,1_null
8475,45,E,8475_45_E.jpg,0.0,0.0,0.0,False,1_null,validation,1_null
16746,45,E,16746_45_E.jpg,0.0,0.0,0.0,False,1_null,validation,1_null
3613,225,C,3613_225_C.jpg,0.0,0.0,0.0,False,1_null,validation,1_null
8839,315,C,8839_315_C.jpg,0.0,0.0,0.0,False,1_null,validation,1_null
1721,135,D,1721_135_D.jpg,1.0,0.0,1.0,False,present,validation,2_present
1721,135,C,1721_135_C.jpg,1.0,0.0,1.0,False,present,validation,2_present
6752,135,D,6752_135_D.jpg,1.0,0.0,1.0,False,present,validation,2_present
17038,135,F,17038_135_F.jpg,1.0,0.0,1.0,False,present,validation,2_present
17038,45,E,17038_45_E.jpg,1.0,0.0,1.0,False,present,validation,2_present
16215,135,C,16215_135_C.jpg,1.0,0.0,1.0,False,present,validation,2_present
8650,315,E,8650_315_E.jpg,1.0,0.0,1.0,False,present,validation,2_present
3517,45,D,3517_45_D.jpg,1.0,0.0,1.0,False,present,validation,2_present
16931,225,A,16931_225_A.jpg,1.0,0.0,1.0,False,present,validation,2_present
3517,45,E,3517_45_E.jpg,1.0,0.0,1.0,False,present,validation,2_present
8399,135,D,8399_135_D.jpg,1.0,0.0,1.0,False,present,validation,2_present
13806,45,C,13806_45_C.jpg,1.0,0.0,1.0,False,present,validation,2_present
1721,225,B,1721_225_B.jpg,1.0,0.0,1.0,False,present,validation,2_present
5136,225,C,5136_225_C.jpg,1.0,0.0,1.0,False,present,validation,2_present
11841,225,C,11841_225_C.jpg,1.0,0.0,1.0,False,present,validation,2_present
9006,315,D,9006_315_D.jpg,1.0,0.0,1.0,False,present,validation,2_present
9006,315,E,9006_315_E.jpg,1.0,0.0,1.0,False,present,validation,2_present
15216,45,B,15216_45_B.jpg,2.0,0.0,2.0,False,multiple_present,validation,2_present
8861,45,B,8861_45_B.jpg,1.0,0.0,1.0,False,present,validation,2_present
17976,225,D,17976_225_D.jpg,1.0,0.0,1.0,False,present,validation,2_present
2501,225,C,2501_225_C.jpg,1.0,0.0,1.0,False,present,validation,2_present
6746,45,A,6746_45_A.jpg,1.0,0.0,1.0,False,present,validation,2_present
19121,135,F,19121_135_F.jpg,2.0,0.0,2.0,False,multiple_present,validation,2_present
17385,45,E,17385_45_E.jpg,1.0,0.0,1.0,False,present,validation,2_present
10013,45,E,10013_45_E.jpg,1.0,0.0,1.0,False,present,validation,2_present
17385,135,D,17385_135_D.jpg,1.0,0.0,1.0,False,present,validation,2_present
10708,225,B,10708_225_B.jpg,1.0,0.0,1.0,False,present,validation,2_present
11772,135,C,11772_135_C.jpg,1.0,0.0,1.0,False,present,validation,2_present
18205,225,E,18205_225_E.jpg,1.0,0.0,1.0,False,present,validation,2_present
1721,45,D,1721_45_D.jpg,1.0,0.0,1.0,False,present,validation,2_present
19035,315,C,19035_315_C.jpg,0.0,1.0,1.0,False,only_missing,test,0_missing
12270,135,D,12270_135_D.jpg,0.0,1.0,1.0,False,only_missing,test,0_missing
19035,45,D,19035_45_D.jpg,0.0,1.0,1.0,False,only_missing,test,0_missing
4750,315,D,4750_315_D.jpg,0.0,1.0,1.0,False,only_missing,test,0_missing
7691,45,D,7691_45_D.jpg,0.0,1.0,1.0,False,only_missing,test,0_missing
17033,45,B,17033_45_B.jpg,0.0,1.0,1.0,False,only_missing,test,0_missing
18242,315,B,18242_315_B.jpg,0.0,1.0,1.0,False,only_missing,test,0_missing
18256,225,B,18256_225_B.jpg,0.0,1.0,1.0,False,only_missing,test,0_missing
19035,315,B,19035_315_B.jpg,0.0,1.0,1.0,False,only_missing,test,0_missing
19102,45,B,19102_45_B.jpg,0.0,1.0,1.0,False,only_missing,test,0_missing
7691,315,B,7691_315_B.jpg,0.0,1.0,1.0,False,only_missing,test,0_missing
12251,135,E,12251_135_E.jpg,0.0,1.0,1.0,False,only_missing,test,0_missing
16125,45,E,16125_45_E.jpg,0.0,1.0,1.0,False,only_missing,test,0_missing
19035,45,E,19035_45_E.jpg,0.0,1.0,1.0,False,only_missing,test,0_missing
4750,315,E,4750_315_E.jpg,0.0,1.0,1.0,False,only_missing,test,0_missing
12251,135,F,12251_135_F.jpg,0.0,1.0,1.0,False,only_missing,test,0_missing
16125,45,F,16125_45_F.jpg,0.0,1.0,1.0,False,only_missing,test,0_missing
18274,225,F,18274_225_F.jpg,0.0,1.0,1.0,False,only_missing,test,0_missing
19102,135,F,19102_135_F.jpg,0.0,1.0,1.0,False,only_missing,test,0_missing
4750,45,F,4750_45_F.jpg,0.0,1.0,1.0,False,only_missing,test,0_missing
1297,135,A,1297_135_A.jpg,0.0,1.0,1.0,False,only_missing,test,0_missing
17033,45,A,17033_45_A.jpg,0.0,1.0,1.0,False,only_missing,test,0_missing
17386,225,A,17386_225_A.jpg,0.0,1.0,1.0,False,only_missing,test,0_missing
18242,315,A,18242_315_A.jpg,0.0,1.0,1.0,False,only_missing,test,0_missing
18271,225,A,18271_225_A.jpg,0.0,1.0,1.0,False,only_missing,test,0_missing
18271,135,A,18271_135_A.jpg,0.0,1.0,1.0,False,only_missing,test,0_missing
19102,45,A,19102_45_A.jpg,0.0,1.0,1.0,False,only_missing,test,0_missing
2663,315,A,2663_315_A.jpg,0.0,1.0,1.0,False,only_missing,test,0_missing
4955,135,A,4955_135_A.jpg,0.0,1.0,1.0,False,only_missing,test,0_missing
17068,225,F,17068_225_F.jpg,0.0,0.0,0.0,False,1_null,test,1_null
17343,135,E,17343_135_E.jpg,0.0,0.0,0.0,False,1_null,test,1_null
13234,135,B,13234_135_B.jpg,0.0,0.0,0.0,False,1_null,test,1_null
16672,225,D,16672_225_D.jpg,0.0,0.0,0.0,False,1_null,test,1_null
2792,135,B,2792_135_B.jpg,0.0,0.0,0.0,False,1_null,test,1_null
18271,225,D,18271_225_D.jpg,0.0,0.0,0.0,False,1_null,test,1_null
9744,45,E,9744_45_E.jpg,0.0,0.0,0.0,False,1_null,test,1_null
1297,135,D,1297_135_D.jpg,0.0,0.0,0.0,False,1_null,test,1_null
18256,45,A,18256_45_A.jpg,0.0,0.0,0.0,False,1_null,test,1_null
693,225,C,693_225_C.jpg,0.0,0.0,0.0,False,1_null,test,1_null
17068,45,E,17068_45_E.jpg,0.0,0.0,0.0,False,1_null,test,1_null
12056,45,F,12056_45_F.jpg,0.0,0.0,0.0,False,1_null,test,1_null
12056,225,F,12056_225_F.jpg,0.0,0.0,0.0,False,1_null,test,1_null
8503,135,C,8503_135_C.jpg,0.0,0.0,0.0,False,1_null,test,1_null
18271,45,D,18271_45_D.jpg,0.0,0.0,0.0,False,1_null,test,1_null
18397,45,F,18397_45_F.jpg,0.0,0.0,0.0,False,1_null,test,1_null
8945,315,A,8945_315_A.jpg,0.0,0.0,0.0,False,1_null,test,1_null
12270,315,F,12270_315_F.jpg,0.0,0.0,0.0,False,1_null,test,1_null
12270,315,C,12270_315_C.jpg,0.0,0.0,0.0,False,1_null,test,1_null
18387,135,E,18387_135_E.jpg,0.0,0.0,0.0,False,1_null,test,1_null
18274,225,A,18274_225_A.jpg,0.0,0.0,0.0,False,1_null,test,1_null
18242,225,B,18242_225_B.jpg,0.0,0.0,0.0,False,1_null,test,1_null
18782,45,E,18782_45_E.jpg,0.0,0.0,0.0,False,1_null,test,1_null
16672,135,B,16672_135_B.jpg,0.0,0.0,0.0,False,1_null,test,1_null
13234,45,E,13234_45_E.jpg,0.0,0.0,0.0,False,1_null,test,1_null
7633,135,D,7633_135_D.jpg,0.0,0.0,0.0,False,1_null,test,1_null
4882,45,B,4882_45_B.jpg,0.0,0.0,0.0,False,1_null,test,1_null
12747,135,D,12747_135_D.jpg,0.0,0.0,0.0,False,1_null,test,1_null
18397,45,D,18397_45_D.jpg,0.0,0.0,0.0,False,1_null,test,1_null
1297,315,F,1297_315_F.jpg,0.0,0.0,0.0,False,1_null,test,1_null
7691,225,C,7691_225_C.jpg,0.0,0.0,0.0,False,1_null,test,1_null
7359,45,B,7359_45_B.jpg,0.0,0.0,0.0,False,1_null,test,1_null
2663,45,F,2663_45_F.jpg,0.0,0.0,0.0,False,1_null,test,1_null
2099,45,F,2099_45_F.jpg,0.0,0.0,0.0,False,1_null,test,1_null
14541,45,A,14541_45_A.jpg,0.0,0.0,0.0,False,1_null,test,1_null
8503,225,F,8503_225_F.jpg,0.0,0.0,0.0,False,1_null,test,1_null
16180,315,D,16180_315_D.jpg,0.0,0.0,0.0,False,1_null,test,1_null
12270,315,B,12270_315_B.jpg,0.0,0.0,0.0,False,1_null,test,1_null
17343,225,C,17343_225_C.jpg,0.0,0.0,0.0,False,1_null,test,1_null
16672,45,D,16672_45_D.jpg,0.0,0.0,0.0,False,1_null,test,1_null
18284,315,E,18284_315_E.jpg,0.0,0.0,0.0,False,1_null,test,1_null
16180,45,B,16180_45_B.jpg,0.0,0.0,0.0,False,1_null,test,1_null
19102,225,E,19102_225_E.jpg,0.0,0.0,0.0,False,1_null,test,1_null
18782,225,F,18782_225_F.jpg,0.0,0.0,0.0,False,1_null,test,1_null
7618,315,B,7618_315_B.jpg,0.0,0.0,0.0,False,1_null,test,1_null
7359,45,A,7359_45_A.jpg,0.0,0.0,0.0,False,1_null,test,1_null
7377,225,A,7377_225_A.jpg,0.0,0.0,0.0,False,1_null,test,1_null
9744,225,B,9744_225_B.jpg,0.0,0.0,0.0,False,1_null,test,1_null
4955,315,A,4955_315_A.jpg,0.0,0.0,0.0,False,1_null,test,1_null
8540,135,F,8540_135_F.jpg,0.0,0.0,0.0,False,1_null,test,1_null
7769,135,B,7769_135_B.jpg,0.0,0.0,0.0,False,1_null,test,1_null
19102,225,D,19102_225_D.jpg,0.0,0.0,0.0,False,1_null,test,1_null
18432,225,C,18432_225_C.jpg,0.0,0.0,0.0,False,1_null,test,1_null
8503,315,B,8503_315_B.jpg,0.0,0.0,0.0,False,1_null,test,1_null
17221,225,C,17221_225_C.jpg,0.0,0.0,0.0,False,1_null,test,1_null
8945,45,A,8945_45_A.jpg,0.0,0.0,0.0,False,1_null,test,1_null
18243,135,F,18243_135_F.jpg,0.0,0.0,0.0,False,1_null,test,1_null
17221,45,A,17221_45_A.jpg,0.0,0.0,0.0,False,1_null,test,1_null
18387,225,D,18387_225_D.jpg,0.0,0.0,0.0,False,1_null,test,1_null
2099,315,B,2099_315_B.jpg,0.0,0.0,0.0,False,1_null,test,1_null
18274,135,F,18274_135_F.jpg,0.0,0.0,0.0,False,1_null,test,1_null
12747,45,D,12747_45_D.jpg,0.0,0.0,0.0,False,1_null,test,1_null
7090,315,F,7090_315_F.jpg,0.0,0.0,0.0,False,1_null,test,1_null
4955,225,C,4955_225_C.jpg,0.0,0.0,0.0,False,1_null,test,1_null
9744,135,A,9744_135_A.jpg,0.0,0.0,0.0,False,1_null,test,1_null
18782,45,A,18782_45_A.jpg,0.0,0.0,0.0,False,1_null,test,1_null
18243,315,D,18243_315_D.jpg,0.0,0.0,0.0,False,1_null,test,1_null
9780,45,F,9780_45_F.jpg,0.0,0.0,0.0,False,1_null,test,1_null
7593,225,B,7593_225_B.jpg,0.0,0.0,0.0,False,1_null,test,1_null
4684,225,F,4684_225_F.jpg,0.0,0.0,0.0,False,1_null,test,1_null
12270,135,B,12270_135_B.jpg,0.0,0.0,0.0,False,1_null,test,1_null
12251,45,C,12251_45_C.jpg,0.0,0.0,0.0,False,1_null,test,1_null
17343,225,D,17343_225_D.jpg,0.0,0.0,0.0,False,1_null,test,1_null
18163,225,D,18163_225_D.jpg,0.0,0.0,0.0,False,1_null,test,1_null
12251,45,E,12251_45_E.jpg,0.0,0.0,0.0,False,1_null,test,1_null
13234,225,B,13234_225_B.jpg,0.0,0.0,0.0,False,1_null,test,1_null
4684,315,E,4684_315_E.jpg,0.0,0.0,0.0,False,1_null,test,1_null
17343,135,A,17343_135_A.jpg,0.0,0.0,0.0,False,1_null,test,1_null
11282,45,A,11282_45_A.jpg,0.0,0.0,0.0,False,1_null,test,1_null
14541,135,A,14541_135_A.jpg,0.0,0.0,0.0,False,1_null,test,1_null
4684,315,B,4684_315_B.jpg,0.0,0.0,0.0,False,1_null,test,1_null
17221,45,C,17221_45_C.jpg,0.0,0.0,0.0,False,1_null,test,1_null
18387,45,C,18387_45_C.jpg,0.0,0.0,0.0,False,1_null,test,1_null
7090,315,E,7090_315_E.jpg,0.0,0.0,0.0,False,1_null,test,1_null
7359,225,D,7359_225_D.jpg,0.0,0.0,0.0,False,1_null,test,1_null
17202,225,B,17202_225_B.jpg,0.0,0.0,0.0,False,1_null,test,1_null
9564,45,F,9564_45_F.jpg,0.0,0.0,0.0,False,1_null,test,1_null
4882,135,B,4882_135_B.jpg,0.0,0.0,0.0,False,1_null,test,1_null
693,225,B,693_225_B.jpg,0.0,0.0,0.0,False,1_null,test,1_null
7359,135,B,7359_135_B.jpg,0.0,0.0,0.0,False,1_null,test,1_null
2792,45,A,2792_45_A.jpg,0.0,0.0,0.0,False,1_null,test,1_null
18284,315,B,18284_315_B.jpg,0.0,0.0,0.0,False,1_null,test,1_null
7691,315,F,7691_315_F.jpg,0.0,0.0,0.0,False,1_null,test,1_null
17068,225,B,17068_225_B.jpg,0.0,0.0,0.0,False,1_null,test,1_null
18271,135,F,18271_135_F.jpg,0.0,0.0,0.0,False,1_null,test,1_null
9744,135,F,9744_135_F.jpg,0.0,0.0,0.0,False,1_null,test,1_null
16125,135,E,16125_135_E.jpg,0.0,0.0,0.0,False,1_null,test,1_null
10228,315,D,10228_315_D.jpg,0.0,0.0,0.0,False,1_null,test,1_null
7377,225,C,7377_225_C.jpg,0.0,0.0,0.0,False,1_null,test,1_null
12251,45,D,12251_45_D.jpg,0.0,0.0,0.0,False,1_null,test,1_null
12747,135,A,12747_135_A.jpg,0.0,0.0,0.0,False,1_null,test,1_null
9564,225,A,9564_225_A.jpg,0.0,0.0,0.0,False,1_null,test,1_null
18284,315,F,18284_315_F.jpg,0.0,0.0,0.0,False,1_null,test,1_null
8503,315,F,8503_315_F.jpg,0.0,0.0,0.0,False,1_null,test,1_null
3905,315,F,3905_315_F.jpg,0.0,0.0,0.0,False,1_null,test,1_null
4750,135,D,4750_135_D.jpg,0.0,0.0,0.0,False,1_null,test,1_null
8945,135,C,8945_135_C.jpg,0.0,0.0,0.0,False,1_null,test,1_null
12270,225,E,12270_225_E.jpg,0.0,0.0,0.0,False,1_null,test,1_null
18432,45,A,18432_45_A.jpg,0.0,0.0,0.0,False,1_null,test,1_null
11282,135,B,11282_135_B.jpg,0.0,0.0,0.0,False,1_null,test,1_null
18242,315,E,18242_315_E.jpg,0.0,0.0,0.0,False,1_null,test,1_null
16078,135,B,16078_135_B.jpg,0.0,0.0,0.0,False,1_null,test,1_null
9780,135,A,9780_135_A.jpg,0.0,0.0,0.0,False,1_null,test,1_null
18274,45,F,18274_45_F.jpg,0.0,0.0,0.0,False,1_null,test,1_null
11282,225,A,11282_225_A.jpg,0.0,0.0,0.0,False,1_null,test,1_null
7691,225,D,7691_225_D.jpg,0.0,0.0,0.0,False,1_null,test,1_null
18271,135,D,18271_135_D.jpg,0.0,0.0,0.0,False,1_null,test,1_null
18274,135,B,18274_135_B.jpg,0.0,0.0,0.0,False,1_null,test,1_null
7119,45,D,7119_45_D.jpg,0.0,0.0,0.0,False,1_null,test,1_null
7769,315,B,7769_315_B.jpg,0.0,0.0,0.0,False,1_null,test,1_null
12747,315,E,12747_315_E.jpg,0.0,0.0,0.0,False,1_null,test,1_null
3905,135,A,3905_135_A.jpg,0.0,0.0,0.0,False,1_null,test,1_null
18397,315,A,18397_315_A.jpg,0.0,0.0,0.0,False,1_null,test,1_null
18397,135,C,18397_135_C.jpg,0.0,0.0,0.0,False,1_null,test,1_null
12270,135,E,12270_135_E.jpg,0.0,0.0,0.0,False,1_null,test,1_null
4684,225,E,4684_225_E.jpg,0.0,0.0,0.0,False,1_null,test,1_null
7593,45,E,7593_45_E.jpg,0.0,0.0,0.0,False,1_null,test,1_null
18414,45,D,18414_45_D.jpg,0.0,0.0,0.0,False,1_null,test,1_null
18414,45,A,18414_45_A.jpg,0.0,0.0,0.0,False,1_null,test,1_null
16829,135,F,16829_135_F.jpg,0.0,0.0,0.0,False,1_null,test,1_null
9564,135,B,9564_135_B.jpg,0.0,0.0,0.0,False,1_null,test,1_null
3515,135,E,3515_135_E.jpg,0.0,0.0,0.0,False,1_null,test,1_null
9564,135,D,9564_135_D.jpg,0.0,0.0,0.0,False,1_null,test,1_null
2663,225,A,2663_225_A.jpg,0.0,0.0,0.0,False,1_null,test,1_null
2099,225,C,2099_225_C.jpg,0.0,0.0,0.0,False,1_null,test,1_null
7618,45,E,7618_45_E.jpg,0.0,0.0,0.0,False,1_null,test,1_null
19102,45,E,19102_45_E.jpg,0.0,0.0,0.0,False,1_null,test,1_null
17049,135,B,17049_135_B.jpg,0.0,0.0,0.0,False,1_null,test,1_null
18163,315,D,18163_315_D.jpg,0.0,0.0,0.0,False,1_null,test,1_null
4113,45,E,4113_45_E.jpg,0.0,0.0,0.0,False,1_null,test,1_null
16125,225,F,16125_225_F.jpg,0.0,0.0,0.0,False,1_null,test,1_null
18242,315,D,18242_315_D.jpg,0.0,0.0,0.0,False,1_null,test,1_null
7593,225,A,7593_225_A.jpg,0.0,0.0,0.0,False,1_null,test,1_null
8062,135,E,8062_135_E.jpg,0.0,0.0,0.0,False,1_null,test,1_null
9744,135,C,9744_135_C.jpg,0.0,0.0,0.0,False,1_null,test,1_null
8540,45,B,8540_45_B.jpg,0.0,0.0,0.0,False,1_null,test,1_null
2099,225,E,2099_225_E.jpg,0.0,0.0,0.0,False,1_null,test,1_null
18432,45,F,18432_45_F.jpg,0.0,0.0,0.0,False,1_null,test,1_null
1297,45,C,1297_45_C.jpg,0.0,0.0,0.0,False,1_null,test,1_null
18397,225,B,18397_225_B.jpg,0.0,0.0,0.0,False,1_null,test,1_null
12056,315,D,12056_315_D.jpg,0.0,0.0,0.0,False,1_null,test,1_null
4882,225,A,4882_225_A.jpg,0.0,0.0,0.0,False,1_null,test,1_null
18274,225,D,18274_225_D.jpg,0.0,0.0,0.0,False,1_null,test,1_null
18397,45,E,18397_45_E.jpg,0.0,0.0,0.0,False,1_null,test,1_null
4750,225,F,4750_225_F.jpg,0.0,0.0,0.0,False,1_null,test,1_null
7618,45,A,7618_45_A.jpg,0.0,0.0,0.0,False,1_null,test,1_null
9744,225,A,9744_225_A.jpg,0.0,0.0,0.0,False,1_null,test,1_null
9744,225,D,9744_225_D.jpg,0.0,0.0,0.0,False,1_null,test,1_null
4882,45,F,4882_45_F.jpg,0.0,0.0,0.0,False,1_null,test,1_null
7769,315,C,7769_315_C.jpg,0.0,0.0,0.0,False,1_null,test,1_null
17033,315,E,17033_315_E.jpg,0.0,0.0,0.0,False,1_null,test,1_null
12747,45,F,12747_45_F.jpg,0.0,0.0,0.0,False,1_null,test,1_null
17343,225,A,17343_225_A.jpg,0.0,0.0,0.0,False,1_null,test,1_null
16672,315,D,16672_315_D.jpg,0.0,0.0,0.0,False,1_null,test,1_null
18397,225,E,18397_225_E.jpg,0.0,0.0,0.0,False,1_null,test,1_null
9744,225,C,9744_225_C.jpg,0.0,0.0,0.0,False,1_null,test,1_null
19035,225,F,19035_225_F.jpg,0.0,0.0,0.0,False,1_null,test,1_null
16180,45,A,16180_45_A.jpg,0.0,0.0,0.0,False,1_null,test,1_null
7593,225,D,7593_225_D.jpg,0.0,0.0,0.0,False,1_null,test,1_null
4882,135,E,4882_135_E.jpg,0.0,0.0,0.0,False,1_null,test,1_null
4955,45,F,4955_45_F.jpg,0.0,0.0,0.0,False,1_null,test,1_null
11282,225,E,11282_225_E.jpg,0.0,0.0,0.0,False,1_null,test,1_null
8503,135,A,8503_135_A.jpg,0.0,0.0,0.0,False,1_null,test,1_null
7691,45,E,7691_45_E.jpg,0.0,0.0,0.0,False,1_null,test,1_null
18163,315,E,18163_315_E.jpg,0.0,0.0,0.0,False,1_null,test,1_null
7090,45,F,7090_45_F.jpg,0.0,0.0,0.0,False,1_null,test,1_null
18242,45,D,18242_45_D.jpg,0.0,0.0,0.0,False,1_null,test,1_null
18387,45,B,18387_45_B.jpg,0.0,0.0,0.0,False,1_null,test,1_null
7377,135,B,7377_135_B.jpg,0.0,0.0,0.0,False,1_null,test,1_null
11282,135,A,11282_135_A.jpg,0.0,0.0,0.0,False,1_null,test,1_null
7618,135,B,7618_135_B.jpg,0.0,0.0,0.0,False,1_null,test,1_null
13234,225,A,13234_225_A.jpg,0.0,0.0,0.0,False,1_null,test,1_null
18243,45,E,18243_45_E.jpg,0.0,0.0,0.0,False,1_null,test,1_null
4750,225,E,4750_225_E.jpg,0.0,0.0,0.0,False,1_null,test,1_null
9780,135,F,9780_135_F.jpg,0.0,0.0,0.0,False,1_null,test,1_null
18274,315,C,18274_315_C.jpg,0.0,0.0,0.0,False,1_null,test,1_null
16078,135,D,16078_135_D.jpg,0.0,0.0,0.0,False,1_null,test,1_null
7119,135,E,7119_135_E.jpg,0.0,0.0,0.0,False,1_null,test,1_null
18271,315,C,18271_315_C.jpg,0.0,0.0,0.0,False,1_null,test,1_null
19102,45,C,19102_45_C.jpg,0.0,0.0,0.0,False,1_null,test,1_null
4750,225,A,4750_225_A.jpg,0.0,0.0,0.0,False,1_null,test,1_null
12747,135,B,12747_135_B.jpg,0.0,0.0,0.0,False,1_null,test,1_null
10228,315,F,10228_315_F.jpg,0.0,0.0,0.0,False,1_null,test,1_null
18397,135,E,18397_135_E.jpg,0.0,0.0,0.0,False,1_null,test,1_null
16829,225,F,16829_225_F.jpg,0.0,0.0,0.0,False,1_null,test,1_null
3515,45,C,3515_45_C.jpg,0.0,0.0,0.0,False,1_null,test,1_null
17343,315,C,17343_315_C.jpg,0.0,0.0,0.0,False,1_null,test,1_null
16829,135,A,16829_135_A.jpg,0.0,0.0,0.0,False,1_null,test,1_null
3905,45,F,3905_45_F.jpg,0.0,0.0,0.0,False,1_null,test,1_null
18414,315,F,18414_315_F.jpg,0.0,0.0,0.0,False,1_null,test,1_null
18782,315,F,18782_315_F.jpg,0.0,0.0,0.0,False,1_null,test,1_null
17068,225,C,17068_225_C.jpg,0.0,0.0,0.0,False,1_null,test,1_null
12270,315,E,12270_315_E.jpg,0.0,0.0,0.0,False,1_null,test,1_null
4882,225,E,4882_225_E.jpg,0.0,0.0,0.0,False,1_null,test,1_null
4955,225,F,4955_225_F.jpg,0.0,0.0,0.0,False,1_null,test,1_null
18163,135,E,18163_135_E.jpg,0.0,0.0,0.0,False,1_null,test,1_null
693,225,D,693_225_D.jpg,0.0,0.0,0.0,False,1_null,test,1_null
8945,315,D,8945_315_D.jpg,0.0,0.0,0.0,False,1_null,test,1_null
4113,315,B,4113_315_B.jpg,0.0,0.0,0.0,False,1_null,test,1_null
17033,315,D,17033_315_D.jpg,0.0,0.0,0.0,False,1_null,test,1_null
9744,315,A,9744_315_A.jpg,0.0,0.0,0.0,False,1_null,test,1_null
4882,315,D,4882_315_D.jpg,0.0,0.0,0.0,False,1_null,test,1_null
7633,45,F,7633_45_F.jpg,0.0,0.0,0.0,False,1_null,test,1_null
4113,135,E,4113_135_E.jpg,0.0,0.0,0.0,False,1_null,test,1_null
17068,225,E,17068_225_E.jpg,0.0,0.0,0.0,False,1_null,test,1_null
693,135,F,693_135_F.jpg,0.0,0.0,0.0,False,1_null,test,1_null
18387,225,F,18387_225_F.jpg,0.0,0.0,0.0,False,1_null,test,1_null
17386,315,C,17386_315_C.jpg,0.0,0.0,0.0,False,1_null,test,1_null
18284,315,A,18284_315_A.jpg,0.0,0.0,0.0,False,1_null,test,1_null
7633,315,B,7633_315_B.jpg,0.0,0.0,0.0,False,1_null,test,1_null
693,45,E,693_45_E.jpg,0.0,0.0,0.0,False,1_null,test,1_null
17221,135,D,17221_135_D.jpg,0.0,0.0,0.0,False,1_null,test,1_null
12270,45,E,12270_45_E.jpg,0.0,0.0,0.0,False,1_null,test,1_null
16125,315,C,16125_315_C.jpg,0.0,0.0,0.0,False,1_null,test,1_null
2792,45,C,2792_45_C.jpg,0.0,0.0,0.0,False,1_null,test,1_null
1297,225,F,1297_225_F.jpg,0.0,0.0,0.0,False,1_null,test,1_null
4882,315,B,4882_315_B.jpg,0.0,0.0,0.0,False,1_null,test,1_null
4750,45,E,4750_45_E.jpg,0.0,0.0,0.0,False,1_null,test,1_null
16125,135,A,16125_135_A.jpg,0.0,0.0,0.0,False,1_null,test,1_null
7359,225,F,7359_225_F.jpg,0.0,0.0,0.0,False,1_null,test,1_null
16180,315,B,16180_315_B.jpg,0.0,0.0,0.0,False,1_null,test,1_null
17343,135,D,17343_135_D.jpg,0.0,0.0,0.0,False,1_null,test,1_null
18242,45,E,18242_45_E.jpg,0.0,0.0,0.0,False,1_null,test,1_null
7119,45,C,7119_45_C.jpg,0.0,0.0,0.0,False,1_null,test,1_null
16672,225,F,16672_225_F.jpg,0.0,0.0,0.0,False,1_null,test,1_null
8540,135,A,8540_135_A.jpg,0.0,0.0,0.0,False,1_null,test,1_null
3905,135,E,3905_135_E.jpg,0.0,0.0,0.0,False,1_null,test,1_null
7593,135,F,7593_135_F.jpg,0.0,0.0,0.0,False,1_null,test,1_null
7359,315,F,7359_315_F.jpg,0.0,0.0,0.0,False,1_null,test,1_null
7377,45,B,7377_45_B.jpg,0.0,0.0,0.0,False,1_null,test,1_null
8503,315,D,8503_315_D.jpg,0.0,0.0,0.0,False,1_null,test,1_null
13234,315,C,13234_315_C.jpg,0.0,0.0,0.0,False,1_null,test,1_null
1297,135,F,1297_135_F.jpg,0.0,0.0,0.0,False,1_null,test,1_null
7593,315,F,7593_315_F.jpg,0.0,0.0,0.0,False,1_null,test,1_null
8540,225,F,8540_225_F.jpg,0.0,0.0,0.0,False,1_null,test,1_null
2099,315,A,2099_315_A.jpg,0.0,0.0,0.0,False,1_null,test,1_null
19102,135,B,19102_135_B.jpg,0.0,0.0,0.0,False,1_null,test,1_null
12270,315,D,12270_315_D.jpg,0.0,0.0,0.0,False,1_null,test,1_null
2663,225,F,2663_225_F.jpg,0.0,0.0,0.0,False,1_null,test,1_null
18432,135,B,18432_135_B.jpg,0.0,0.0,0.0,False,1_null,test,1_null
8540,45,E,8540_45_E.jpg,0.0,0.0,0.0,False,1_null,test,1_null
17049,45,A,17049_45_A.jpg,0.0,0.0,0.0,False,1_null,test,1_null
7769,315,A,7769_315_A.jpg,0.0,0.0,0.0,False,1_null,test,1_null
17343,45,C,17343_45_C.jpg,0.0,0.0,0.0,False,1_null,test,1_null
8540,315,A,8540_315_A.jpg,0.0,0.0,0.0,False,1_null,test,1_null
4955,45,B,4955_45_B.jpg,0.0,0.0,0.0,False,1_null,test,1_null
4113,315,A,4113_315_A.jpg,0.0,0.0,0.0,False,1_null,test,1_null
7593,225,F,7593_225_F.jpg,0.0,0.0,0.0,False,1_null,test,1_null
1297,225,B,1297_225_B.jpg,0.0,0.0,0.0,False,1_null,test,1_null
18271,315,E,18271_315_E.jpg,0.0,0.0,0.0,False,1_null,test,1_null
11282,315,A,11282_315_A.jpg,0.0,0.0,0.0,False,1_null,test,1_null
18414,135,A,18414_135_A.jpg,0.0,0.0,0.0,False,1_null,test,1_null
18284,135,D,18284_135_D.jpg,0.0,0.0,0.0,False,1_null,test,1_null
16829,315,C,16829_315_C.jpg,0.0,0.0,0.0,False,1_null,test,1_null
4113,315,F,4113_315_F.jpg,0.0,0.0,0.0,False,1_null,test,1_null
7090,135,C,7090_135_C.jpg,0.0,0.0,0.0,False,1_null,test,1_null
17049,315,C,17049_315_C.jpg,0.0,0.0,0.0,False,1_null,test,1_null
2663,45,A,2663_45_A.jpg,0.0,0.0,0.0,False,1_null,test,1_null
19035,45,F,19035_45_F.jpg,0.0,0.0,0.0,False,1_null,test,1_null
7119,45,F,7119_45_F.jpg,0.0,0.0,0.0,False,1_null,test,1_null
16125,135,C,16125_135_C.jpg,0.0,0.0,0.0,False,1_null,test,1_null
7359,135,C,7359_135_C.jpg,0.0,0.0,0.0,False,1_null,test,1_null
4684,225,A,4684_225_A.jpg,0.0,0.0,0.0,False,1_null,test,1_null
3515,315,D,3515_315_D.jpg,0.0,0.0,0.0,False,1_null,test,1_null
11282,315,C,11282_315_C.jpg,0.0,0.0,0.0,False,1_null,test,1_null
10228,135,F,10228_135_F.jpg,0.0,0.0,0.0,False,1_null,test,1_null
18432,135,A,18432_135_A.jpg,0.0,0.0,0.0,False,1_null,test,1_null
8503,225,B,8503_225_B.jpg,0.0,0.0,0.0,False,1_null,test,1_null
693,45,D,693_45_D.jpg,0.0,0.0,0.0,False,1_null,test,1_null
8062,315,A,8062_315_A.jpg,0.0,0.0,0.0,False,1_null,test,1_null
17033,135,A,17033_135_A.jpg,0.0,0.0,0.0,False,1_null,test,1_null
10228,135,C,10228_135_C.jpg,0.0,0.0,0.0,False,1_null,test,1_null
4882,45,D,4882_45_D.jpg,0.0,0.0,0.0,False,1_null,test,1_null
3515,45,A,3515_45_A.jpg,0.0,0.0,0.0,False,1_null,test,1_null
9780,225,C,9780_225_C.jpg,0.0,0.0,0.0,False,1_null,test,1_null
7633,135,A,7633_135_A.jpg,0.0,0.0,0.0,False,1_null,test,1_null
7691,225,A,7691_225_A.jpg,0.0,0.0,0.0,False,1_null,test,1_null
4955,225,A,4955_225_A.jpg,0.0,0.0,0.0,False,1_null,test,1_null
17068,45,C,17068_45_C.jpg,0.0,0.0,0.0,False,1_null,test,1_null
3905,45,B,3905_45_B.jpg,0.0,0.0,0.0,False,1_null,test,1_null
17202,225,E,17202_225_E.jpg,0.0,0.0,0.0,False,1_null,test,1_null
4113,135,D,4113_135_D.jpg,0.0,0.0,0.0,False,1_null,test,1_null
18256,45,D,18256_45_D.jpg,0.0,0.0,0.0,False,1_null,test,1_null
18163,315,A,18163_315_A.jpg,0.0,0.0,0.0,False,1_null,test,1_null
7359,45,F,7359_45_F.jpg,0.0,0.0,0.0,False,1_null,test,1_null
16078,135,F,16078_135_F.jpg,0.0,0.0,0.0,False,1_null,test,1_null
17049,135,E,17049_135_E.jpg,0.0,0.0,0.0,False,1_null,test,1_null
16180,315,E,16180_315_E.jpg,0.0,0.0,0.0,False,1_null,test,1_null
4955,135,D,4955_135_D.jpg,0.0,0.0,0.0,False,1_null,test,1_null
18782,225,E,18782_225_E.jpg,0.0,0.0,0.0,False,1_null,test,1_null
16829,45,E,16829_45_E.jpg,0.0,0.0,0.0,False,1_null,test,1_null
2663,135,B,2663_135_B.jpg,0.0,0.0,0.0,False,1_null,test,1_null
2099,45,A,2099_45_A.jpg,0.0,0.0,0.0,False,1_null,test,1_null
8062,135,B,8062_135_B.jpg,0.0,0.0,0.0,False,1_null,test,1_null
16078,45,B,16078_45_B.jpg,0.0,0.0,0.0,False,1_null,test,1_null
18271,135,C,18271_135_C.jpg,0.0,0.0,0.0,False,1_null,test,1_null
18432,135,F,18432_135_F.jpg,0.0,0.0,0.0,False,1_null,test,1_null
2663,135,A,2663_135_A.jpg,0.0,0.0,0.0,False,1_null,test,1_null
4113,135,C,4113_135_C.jpg,0.0,0.0,0.0,False,1_null,test,1_null
16672,135,E,16672_135_E.jpg,0.0,0.0,0.0,False,1_null,test,1_null
7633,225,A,7633_225_A.jpg,0.0,0.0,0.0,False,1_null,test,1_null
1297,135,C,1297_135_C.jpg,0.0,0.0,0.0,False,1_null,test,1_null
18243,135,E,18243_135_E.jpg,0.0,0.0,0.0,False,1_null,test,1_null
7090,45,A,7090_45_A.jpg,0.0,0.0,0.0,False,1_null,test,1_null
7618,45,F,7618_45_F.jpg,0.0,0.0,0.0,False,1_null,test,1_null
8062,45,E,8062_45_E.jpg,0.0,0.0,0.0,False,1_null,test,1_null
1297,135,B,1297_135_B.jpg,0.0,0.0,0.0,False,1_null,test,1_null
17049,225,B,17049_225_B.jpg,0.0,0.0,0.0,False,1_null,test,1_null
3515,315,A,3515_315_A.jpg,0.0,0.0,0.0,False,1_null,test,1_null
7377,225,B,7377_225_B.jpg,0.0,0.0,0.0,False,1_null,test,1_null
18271,315,D,18271_315_D.jpg,0.0,0.0,0.0,False,1_null,test,1_null
4684,225,B,4684_225_B.jpg,0.0,0.0,0.0,False,1_null,test,1_null
16829,225,E,16829_225_E.jpg,0.0,0.0,0.0,False,1_null,test,1_null
19035,45,C,19035_45_C.jpg,0.0,0.0,0.0,False,1_null,test,1_null
18271,45,E,18271_45_E.jpg,0.0,0.0,0.0,False,1_null,test,1_null
14541,315,E,14541_315_E.jpg,0.0,0.0,0.0,False,1_null,test,1_null
7377,225,F,7377_225_F.jpg,0.0,0.0,0.0,False,1_null,test,1_null
17033,225,C,17033_225_C.jpg,0.0,0.0,0.0,False,1_null,test,1_null
2792,45,B,2792_45_B.jpg,0.0,0.0,0.0,False,1_null,test,1_null
18256,315,C,18256_315_C.jpg,0.0,0.0,0.0,False,1_null,test,1_null
13234,135,A,13234_135_A.jpg,0.0,0.0,0.0,False,1_null,test,1_null
2663,45,E,2663_45_E.jpg,0.0,0.0,0.0,False,1_null,test,1_null
4684,135,B,4684_135_B.jpg,0.0,0.0,0.0,False,1_null,test,1_null
17386,135,E,17386_135_E.jpg,0.0,0.0,0.0,False,1_null,test,1_null
693,45,C,693_45_C.jpg,0.0,0.0,0.0,False,1_null,test,1_null
16180,315,F,16180_315_F.jpg,0.0,0.0,0.0,False,1_null,test,1_null
9744,45,D,9744_45_D.jpg,0.0,0.0,0.0,False,1_null,test,1_null
18274,315,F,18274_315_F.jpg,0.0,0.0,0.0,False,1_null,test,1_null
4882,225,B,4882_225_B.jpg,0.0,0.0,0.0,False,1_null,test,1_null
7119,135,D,7119_135_D.jpg,0.0,0.0,0.0,False,1_null,test,1_null
4113,45,F,4113_45_F.jpg,0.0,0.0,0.0,False,1_null,test,1_null
7119,315,A,7119_315_A.jpg,0.0,0.0,0.0,False,1_null,test,1_null
16078,225,C,16078_225_C.jpg,0.0,0.0,0.0,False,1_null,test,1_null
16672,135,C,16672_135_C.jpg,0.0,0.0,0.0,False,1_null,test,1_null
7119,225,E,7119_225_E.jpg,0.0,0.0,0.0,False,1_null,test,1_null
7769,135,C,7769_135_C.jpg,0.0,0.0,0.0,False,1_null,test,1_null
9744,225,F,9744_225_F.jpg,0.0,0.0,0.0,False,1_null,test,1_null
9744,45,B,9744_45_B.jpg,0.0,0.0,0.0,False,1_null,test,1_null
18271,225,C,18271_225_C.jpg,0.0,0.0,0.0,False,1_null,test,1_null
12270,135,F,12270_135_F.jpg,0.0,0.0,0.0,False,1_null,test,1_null
4955,225,B,4955_225_B.jpg,0.0,0.0,0.0,False,1_null,test,1_null
2099,135,C,2099_135_C.jpg,0.0,0.0,0.0,False,1_null,test,1_null
16672,45,C,16672_45_C.jpg,0.0,0.0,0.0,False,1_null,test,1_null
19035,225,B,19035_225_B.jpg,0.0,0.0,0.0,False,1_null,test,1_null
11282,225,D,11282_225_D.jpg,0.0,0.0,0.0,False,1_null,test,1_null
17343,135,F,17343_135_F.jpg,0.0,0.0,0.0,False,1_null,test,1_null
18284,225,D,18284_225_D.jpg,0.0,0.0,0.0,False,1_null,test,1_null
7618,225,C,7618_225_C.jpg,0.0,0.0,0.0,False,1_null,test,1_null
7633,225,D,7633_225_D.jpg,0.0,0.0,0.0,False,1_null,test,1_null
17068,135,A,17068_135_A.jpg,0.0,0.0,0.0,False,1_null,test,1_null
18274,45,E,18274_45_E.jpg,0.0,0.0,0.0,False,1_null,test,1_null
17343,135,B,17343_135_B.jpg,0.0,0.0,0.0,False,1_null,test,1_null
17068,45,D,17068_45_D.jpg,0.0,0.0,0.0,False,1_null,test,1_null
18414,135,F,18414_135_F.jpg,0.0,0.0,0.0,False,1_null,test,1_null
12251,45,F,12251_45_F.jpg,0.0,0.0,0.0,False,1_null,test,1_null
12747,225,C,12747_225_C.jpg,0.0,0.0,0.0,False,1_null,test,1_null
10228,135,A,10228_135_A.jpg,0.0,0.0,0.0,False,1_null,test,1_null
4955,45,E,4955_45_E.jpg,0.0,0.0,0.0,False,1_null,test,1_null
7377,45,A,7377_45_A.jpg,0.0,0.0,0.0,False,1_null,test,1_null
16672,45,B,16672_45_B.jpg,0.0,0.0,0.0,False,1_null,test,1_null
18414,225,D,18414_225_D.jpg,0.0,0.0,0.0,False,1_null,test,1_null
18387,315,A,18387_315_A.jpg,0.0,0.0,0.0,False,1_null,test,1_null
17221,45,D,17221_45_D.jpg,0.0,0.0,0.0,False,1_null,test,1_null
16829,45,A,16829_45_A.jpg,0.0,0.0,0.0,False,1_null,test,1_null
18782,315,A,18782_315_A.jpg,0.0,0.0,0.0,False,1_null,test,1_null
7769,135,F,7769_135_F.jpg,0.0,0.0,0.0,False,1_null,test,1_null
8540,315,F,8540_315_F.jpg,0.0,0.0,0.0,False,1_null,test,1_null
18387,135,C,18387_135_C.jpg,0.0,0.0,0.0,False,1_null,test,1_null
16078,225,A,16078_225_A.jpg,0.0,0.0,0.0,False,1_null,test,1_null
18414,135,E,18414_135_E.jpg,0.0,0.0,0.0,False,1_null,test,1_null
7691,135,E,7691_135_E.jpg,0.0,0.0,0.0,False,1_null,test,1_null
18242,45,A,18242_45_A.jpg,0.0,0.0,0.0,False,1_null,test,1_null
18284,45,C,18284_45_C.jpg,0.0,0.0,0.0,False,1_null,test,1_null
13234,225,F,13234_225_F.jpg,0.0,0.0,0.0,False,1_null,test,1_null
4684,315,D,4684_315_D.jpg,0.0,0.0,0.0,False,1_null,test,1_null
18432,135,E,18432_135_E.jpg,0.0,0.0,0.0,False,1_null,test,1_null
18163,225,C,18163_225_C.jpg,0.0,0.0,0.0,False,1_null,test,1_null
7377,315,E,7377_315_E.jpg,0.0,0.0,0.0,False,1_null,test,1_null
8062,135,A,8062_135_A.jpg,0.0,0.0,0.0,False,1_null,test,1_null
693,225,E,693_225_E.jpg,0.0,0.0,0.0,False,1_null,test,1_null
7618,315,A,7618_315_A.jpg,0.0,0.0,0.0,False,1_null,test,1_null
10228,45,C,10228_45_C.jpg,0.0,0.0,0.0,False,1_null,test,1_null
7633,45,A,7633_45_A.jpg,0.0,0.0,0.0,False,1_null,test,1_null
693,135,C,693_135_C.jpg,0.0,0.0,0.0,False,1_null,test,1_null
2663,45,C,2663_45_C.jpg,0.0,0.0,0.0,False,1_null,test,1_null
16180,45,F,16180_45_F.jpg,0.0,0.0,0.0,False,1_null,test,1_null
12056,45,E,12056_45_E.jpg,0.0,0.0,0.0,False,1_null,test,1_null
3905,45,E,3905_45_E.jpg,0.0,0.0,0.0,False,1_null,test,1_null
9564,135,C,9564_135_C.jpg,0.0,0.0,0.0,False,1_null,test,1_null
12251,135,C,12251_135_C.jpg,0.0,0.0,0.0,False,1_null,test,1_null
16829,45,F,16829_45_F.jpg,0.0,0.0,0.0,False,1_null,test,1_null
2792,225,A,2792_225_A.jpg,0.0,0.0,0.0,False,1_null,test,1_null
18782,225,B,18782_225_B.jpg,0.0,0.0,0.0,False,1_null,test,1_null
19102,135,C,19102_135_C.jpg,0.0,0.0,0.0,False,1_null,test,1_null
4750,225,B,4750_225_B.jpg,0.0,0.0,0.0,False,1_null,test,1_null
2663,315,B,2663_315_B.jpg,0.0,0.0,0.0,False,1_null,test,1_null
18414,225,F,18414_225_F.jpg,0.0,0.0,0.0,False,1_null,test,1_null
10228,225,F,10228_225_F.jpg,0.0,0.0,0.0,False,1_null,test,1_null
16078,225,B,16078_225_B.jpg,0.0,0.0,0.0,False,1_null,test,1_null
4882,135,D,4882_135_D.jpg,0.0,0.0,0.0,False,1_null,test,1_null
1297,315,C,1297_315_C.jpg,0.0,0.0,0.0,False,1_null,test,1_null
12270,45,F,12270_45_F.jpg,0.0,0.0,0.0,False,1_null,test,1_null
14541,45,C,14541_45_C.jpg,0.0,0.0,0.0,False,1_null,test,1_null
16829,315,B,16829_315_B.jpg,0.0,0.0,0.0,False,1_null,test,1_null
16829,315,E,16829_315_E.jpg,0.0,0.0,0.0,False,1_null,test,1_null
17386,45,E,17386_45_E.jpg,0.0,0.0,0.0,False,1_null,test,1_null
19035,315,D,19035_315_D.jpg,0.0,0.0,0.0,False,1_null,test,1_null
14541,45,D,14541_45_D.jpg,0.0,0.0,0.0,False,1_null,test,1_null
17221,135,C,17221_135_C.jpg,0.0,0.0,0.0,False,1_null,test,1_null
9744,315,C,9744_315_C.jpg,0.0,0.0,0.0,False,1_null,test,1_null
7691,45,A,7691_45_A.jpg,0.0,0.0,0.0,False,1_null,test,1_null
8503,315,E,8503_315_E.jpg,0.0,0.0,0.0,False,1_null,test,1_null
8540,225,E,8540_225_E.jpg,0.0,0.0,0.0,False,1_null,test,1_null
3515,45,B,3515_45_B.jpg,0.0,0.0,0.0,False,1_null,test,1_null
2099,135,E,2099_135_E.jpg,0.0,0.0,0.0,False,1_null,test,1_null
18271,45,C,18271_45_C.jpg,0.0,0.0,0.0,False,1_null,test,1_null
693,45,F,693_45_F.jpg,0.0,0.0,0.0,False,1_null,test,1_null
18414,135,D,18414_135_D.jpg,0.0,0.0,0.0,False,1_null,test,1_null
693,315,B,693_315_B.jpg,0.0,0.0,0.0,False,1_null,test,1_null
16672,315,A,16672_315_A.jpg,0.0,0.0,0.0,False,1_null,test,1_null
18243,225,D,18243_225_D.jpg,0.0,0.0,0.0,False,1_null,test,1_null
18271,45,F,18271_45_F.jpg,0.0,0.0,0.0,False,1_null,test,1_null
17202,45,D,17202_45_D.jpg,0.0,0.0,0.0,False,1_null,test,1_null
10228,225,B,10228_225_B.jpg,0.0,0.0,0.0,False,1_null,test,1_null
7359,315,B,7359_315_B.jpg,0.0,0.0,0.0,False,1_null,test,1_null
7359,315,A,7359_315_A.jpg,0.0,0.0,0.0,False,1_null,test,1_null
7090,225,B,7090_225_B.jpg,0.0,0.0,0.0,False,1_null,test,1_null
9744,135,E,9744_135_E.jpg,0.0,0.0,0.0,False,1_null,test,1_null
13234,315,B,13234_315_B.jpg,0.0,0.0,0.0,False,1_null,test,1_null
18243,225,B,18243_225_B.jpg,0.0,0.0,0.0,False,1_null,test,1_null
8503,225,A,8503_225_A.jpg,0.0,0.0,0.0,False,1_null,test,1_null
8945,225,B,8945_225_B.jpg,0.0,0.0,0.0,False,1_null,test,1_null
4882,225,D,4882_225_D.jpg,0.0,0.0,0.0,False,1_null,test,1_null
18432,315,A,18432_315_A.jpg,0.0,0.0,0.0,False,1_null,test,1_null
12251,315,F,12251_315_F.jpg,0.0,0.0,0.0,False,1_null,test,1_null
16180,45,C,16180_45_C.jpg,0.0,0.0,0.0,False,1_null,test,1_null
18387,225,A,18387_225_A.jpg,0.0,0.0,0.0,False,1_null,test,1_null
2099,135,D,2099_135_D.jpg,0.0,0.0,0.0,False,1_null,test,1_null
16125,45,A,16125_45_A.jpg,0.0,0.0,0.0,False,1_null,test,1_null
7691,135,B,7691_135_B.jpg,0.0,0.0,0.0,False,1_null,test,1_null
19035,225,A,19035_225_A.jpg,0.0,0.0,0.0,False,1_null,test,1_null
4955,45,D,4955_45_D.jpg,0.0,0.0,0.0,False,1_null,test,1_null
18163,315,F,18163_315_F.jpg,0.0,0.0,0.0,False,1_null,test,1_null
17033,45,C,17033_45_C.jpg,0.0,0.0,0.0,False,1_null,test,1_null
1297,225,A,1297_225_A.jpg,0.0,0.0,0.0,False,1_null,test,1_null
12056,225,B,12056_225_B.jpg,0.0,0.0,0.0,False,1_null,test,1_null
4882,315,E,4882_315_E.jpg,0.0,0.0,0.0,False,1_null,test,1_null
7377,45,C,7377_45_C.jpg,0.0,0.0,0.0,False,1_null,test,1_null
16672,315,B,16672_315_B.jpg,0.0,0.0,0.0,False,1_null,test,1_null
2792,45,F,2792_45_F.jpg,0.0,0.0,0.0,False,1_null,test,1_null
7618,315,C,7618_315_C.jpg,0.0,0.0,0.0,False,1_null,test,1_null
7769,45,D,7769_45_D.jpg,0.0,0.0,0.0,False,1_null,test,1_null
4750,225,D,4750_225_D.jpg,0.0,0.0,0.0,False,1_null,test,1_null
4955,45,A,4955_45_A.jpg,0.0,0.0,0.0,False,1_null,test,1_null
7359,135,E,7359_135_E.jpg,0.0,0.0,0.0,False,1_null,test,1_null
18397,315,C,18397_315_C.jpg,0.0,0.0,0.0,False,1_null,test,1_null
7090,45,E,7090_45_E.jpg,0.0,0.0,0.0,False,1_null,test,1_null
14541,315,F,14541_315_F.jpg,0.0,0.0,0.0,False,1_null,test,1_null
16125,135,B,16125_135_B.jpg,0.0,0.0,0.0,False,1_null,test,1_null
18414,315,A,18414_315_A.jpg,0.0,0.0,0.0,False,1_null,test,1_null
12251,225,F,12251_225_F.jpg,0.0,0.0,0.0,False,1_null,test,1_null
18243,135,A,18243_135_A.jpg,0.0,0.0,0.0,False,1_null,test,1_null
3515,225,E,3515_225_E.jpg,0.0,0.0,0.0,False,1_null,test,1_null
12251,135,A,12251_135_A.jpg,0.0,0.0,0.0,False,1_null,test,1_null
18284,135,B,18284_135_B.jpg,0.0,0.0,0.0,False,1_null,test,1_null
18414,315,E,18414_315_E.jpg,0.0,0.0,0.0,False,1_null,test,1_null
7633,225,E,7633_225_E.jpg,0.0,0.0,0.0,False,1_null,test,1_null
4750,315,A,4750_315_A.jpg,0.0,0.0,0.0,False,1_null,test,1_null
7377,135,F,7377_135_F.jpg,0.0,0.0,0.0,False,1_null,test,1_null
7377,135,D,7377_135_D.jpg,0.0,0.0,0.0,False,1_null,test,1_null
17202,135,C,17202_135_C.jpg,0.0,0.0,0.0,False,1_null,test,1_null
18243,315,B,18243_315_B.jpg,0.0,0.0,0.0,False,1_null,test,1_null
18242,45,F,18242_45_F.jpg,0.0,0.0,0.0,False,1_null,test,1_null
13234,45,A,13234_45_A.jpg,0.0,0.0,0.0,False,1_null,test,1_null
9564,315,E,9564_315_E.jpg,0.0,0.0,0.0,False,1_null,test,1_null
8062,225,F,8062_225_F.jpg,0.0,0.0,0.0,False,1_null,test,1_null
9564,315,D,9564_315_D.jpg,0.0,0.0,0.0,False,1_null,test,1_null
7377,135,C,7377_135_C.jpg,0.0,0.0,0.0,False,1_null,test,1_null
18243,315,C,18243_315_C.jpg,0.0,0.0,0.0,False,1_null,test,1_null
17033,315,A,17033_315_A.jpg,0.0,0.0,0.0,False,1_null,test,1_null
18782,135,A,18782_135_A.jpg,0.0,0.0,0.0,False,1_null,test,1_null
18414,225,C,18414_225_C.jpg,0.0,0.0,0.0,False,1_null,test,1_null
693,45,B,693_45_B.jpg,0.0,0.0,0.0,False,1_null,test,1_null
17202,45,F,17202_45_F.jpg,0.0,0.0,0.0,False,1_null,test,1_null
17202,315,A,17202_315_A.jpg,0.0,0.0,0.0,False,1_null,test,1_null
2099,225,B,2099_225_B.jpg,0.0,0.0,0.0,False,1_null,test,1_null
2792,225,F,2792_225_F.jpg,0.0,0.0,0.0,False,1_null,test,1_null
2099,45,E,2099_45_E.jpg,0.0,0.0,0.0,False,1_null,test,1_null
8945,315,E,8945_315_E.jpg,0.0,0.0,0.0,False,1_null,test,1_null
4684,315,C,4684_315_C.jpg,0.0,0.0,0.0,False,1_null,test,1_null
10228,225,C,10228_225_C.jpg,1.0,0.0,1.0,False,present,test,2_present
10228,315,C,10228_315_C.jpg,1.0,0.0,1.0,False,present,test,2_present
11282,225,C,11282_225_C.jpg,1.0,0.0,1.0,False,present,test,2_present
11282,45,C,11282_45_C.jpg,1.0,0.0,1.0,False,present,test,2_present
11282,135,C,11282_135_C.jpg,1.0,0.0,1.0,False,present,test,2_present
12056,225,C,12056_225_C.jpg,1.0,0.0,1.0,False,present,test,2_present
12056,315,C,12056_315_C.jpg,1.0,0.0,1.0,False,present,test,2_present
12056,45,C,12056_45_C.jpg,1.0,0.0,1.0,False,present,test,2_present
12056,135,C,12056_135_C.jpg,1.0,0.0,1.0,False,present,test,2_present
12747,315,C,12747_315_C.jpg,1.0,0.0,1.0,False,present,test,2_present
13234,225,C,13234_225_C.jpg,1.0,0.0,1.0,False,present,test,2_present
14541,315,C,14541_315_C.jpg,1.0,0.0,1.0,False,present,test,2_present
14541,135,C,14541_135_C.jpg,1.0,0.0,1.0,False,present,test,2_present
16078,315,C,16078_315_C.jpg,1.0,0.0,1.0,False,present,test,2_present
16180,225,C,16180_225_C.jpg,1.0,0.0,1.0,False,present,test,2_present
16672,225,C,16672_225_C.jpg,1.0,0.0,1.0,False,present,test,2_present
16829,45,C,16829_45_C.jpg,1.0,0.0,1.0,False,present,test,2_present
17033,315,C,17033_315_C.jpg,1.0,0.0,1.0,False,present,test,2_present
17033,135,C,17033_135_C.jpg,1.0,0.0,1.0,False,present,test,2_present
17049,45,C,17049_45_C.jpg,1.0,0.0,1.0,False,present,test,2_present
17049,135,C,17049_135_C.jpg,1.0,0.0,1.0,False,present,test,2_present
17202,225,C,17202_225_C.jpg,1.0,0.0,1.0,False,present,test,2_present
17221,315,C,17221_315_C.jpg,1.0,0.0,1.0,False,present,test,2_present
17386,45,C,17386_45_C.jpg,1.0,0.0,1.0,False,present,test,2_present
17386,135,C,17386_135_C.jpg,1.0,0.0,1.0,False,present,test,2_present
18163,135,C,18163_135_C.jpg,1.0,0.0,1.0,False,present,test,2_present
18242,315,C,18242_315_C.jpg,1.0,1.0,2.0,True,present,test,2_present
18242,45,C,18242_45_C.jpg,1.0,0.0,1.0,False,present,test,2_present
18256,225,C,18256_225_C.jpg,1.0,1.0,2.0,True,present,test,2_present
18256,135,C,18256_135_C.jpg,2.0,0.0,2.0,False,multiple_present,test,2_present
18274,225,C,18274_225_C.jpg,1.0,0.0,1.0,False,present,test,2_present
18274,135,C,18274_135_C.jpg,1.0,0.0,1.0,False,present,test,2_present
18284,225,C,18284_225_C.jpg,1.0,0.0,1.0,False,present,test,2_present
18387,315,C,18387_315_C.jpg,1.0,0.0,1.0,False,present,test,2_present
18397,225,C,18397_225_C.jpg,1.0,0.0,1.0,False,present,test,2_present
18432,135,C,18432_135_C.jpg,2.0,0.0,2.0,False,multiple_present,test,2_present
18782,225,C,18782_225_C.jpg,1.0,0.0,1.0,False,present,test,2_present
18782,315,C,18782_315_C.jpg,1.0,0.0,1.0,False,present,test,2_present
18782,45,C,18782_45_C.jpg,1.0,0.0,1.0,False,present,test,2_present
18782,135,C,18782_135_C.jpg,1.0,0.0,1.0,False,present,test,2_present
19035,225,C,19035_225_C.jpg,1.0,0.0,1.0,False,present,test,2_present
2792,225,C,2792_225_C.jpg,1.0,0.0,1.0,False,present,test,2_present
2792,315,C,2792_315_C.jpg,1.0,0.0,1.0,False,present,test,2_present
3905,225,C,3905_225_C.jpg,1.0,0.0,1.0,False,present,test,2_present
3905,315,C,3905_315_C.jpg,1.0,0.0,1.0,False,present,test,2_present
4113,45,C,4113_45_C.jpg,1.0,0.0,1.0,False,present,test,2_present
4684,45,C,4684_45_C.jpg,1.0,0.0,1.0,False,present,test,2_present
4750,45,C,4750_45_C.jpg,1.0,0.0,1.0,False,present,test,2_present
4955,315,C,4955_315_C.jpg,1.0,0.0,1.0,False,present,test,2_present
4955,45,C,4955_45_C.jpg,1.0,0.0,1.0,False,present,test,2_present
4955,135,C,4955_135_C.jpg,1.0,0.0,1.0,False,present,test,2_present
7119,315,C,7119_315_C.jpg,1.0,0.0,1.0,False,present,test,2_present
7359,315,C,7359_315_C.jpg,1.0,0.0,1.0,False,present,test,2_present
7593,225,C,7593_225_C.jpg,1.0,0.0,1.0,False,present,test,2_present
7593,315,C,7593_315_C.jpg,1.0,0.0,1.0,False,present,test,2_present
7593,45,C,7593_45_C.jpg,1.0,0.0,1.0,False,present,test,2_present
7633,45,C,7633_45_C.jpg,1.0,0.0,1.0,False,present,test,2_present
7633,135,C,7633_135_C.jpg,1.0,0.0,1.0,False,present,test,2_present
7691,315,C,7691_315_C.jpg,1.0,0.0,1.0,False,present,test,2_present
7691,45,C,7691_45_C.jpg,1.0,0.0,1.0,False,present,test,2_present
7769,225,C,7769_225_C.jpg,1.0,0.0,1.0,False,present,test,2_present
8062,225,C,8062_225_C.jpg,1.0,0.0,1.0,False,present,test,2_present
8062,315,C,8062_315_C.jpg,1.0,0.0,1.0,False,present,test,2_present
8062,45,C,8062_45_C.jpg,1.0,0.0,1.0,False,present,test,2_present
8062,135,C,8062_135_C.jpg,1.0,0.0,1.0,False,present,test,2_present
8540,225,C,8540_225_C.jpg,1.0,0.0,1.0,False,present,test,2_present
8540,45,C,8540_45_C.jpg,1.0,0.0,1.0,False,present,test,2_present
8540,135,C,8540_135_C.jpg,1.0,0.0,1.0,False,present,test,2_present
8945,45,C,8945_45_C.jpg,1.0,0.0,1.0,False,present,test,2_present
9564,225,C,9564_225_C.jpg,1.0,0.0,1.0,False,present,test,2_present
9564,315,C,9564_315_C.jpg,1.0,0.0,1.0,False,present,test,2_present
9564,45,C,9564_45_C.jpg,1.0,0.0,1.0,False,present,test,2_present
9780,315,C,9780_315_C.jpg,1.0,0.0,1.0,False,present,test,2_present
9780,45,C,9780_45_C.jpg,1.0,0.0,1.0,False,present,test,2_present
10228,225,D,10228_225_D.jpg,1.0,0.0,1.0,False,present,test,2_present
10228,45,D,10228_45_D.jpg,1.0,0.0,1.0,False,present,test,2_present
11282,315,D,11282_315_D.jpg,1.0,0.0,1.0,False,present,test,2_present
11282,45,D,11282_45_D.jpg,1.0,0.0,1.0,False,present,test,2_present
11282,135,D,11282_135_D.jpg,1.0,0.0,1.0,False,present,test,2_present
12056,225,D,12056_225_D.jpg,1.0,0.0,1.0,False,present,test,2_present
12056,45,D,12056_45_D.jpg,1.0,0.0,1.0,False,present,test,2_present
12056,135,D,12056_135_D.jpg,1.0,0.0,1.0,False,present,test,2_present
1297,225,D,1297_225_D.jpg,1.0,0.0,1.0,False,present,test,2_present
13234,225,D,13234_225_D.jpg,1.0,0.0,1.0,False,present,test,2_present
14541,225,D,14541_225_D.jpg,1.0,0.0,1.0,False,present,test,2_present
16125,315,D,16125_315_D.jpg,1.0,0.0,1.0,False,present,test,2_present
17033,225,D,17033_225_D.jpg,1.0,0.0,1.0,False,present,test,2_present
17049,45,D,17049_45_D.jpg,1.0,0.0,1.0,False,present,test,2_present
17049,135,D,17049_135_D.jpg,1.0,0.0,1.0,False,present,test,2_present
17068,225,D,17068_225_D.jpg,1.0,0.0,1.0,False,present,test,2_present
17202,225,D,17202_225_D.jpg,1.0,0.0,1.0,False,present,test,2_present
17221,225,D,17221_225_D.jpg,1.0,0.0,1.0,False,present,test,2_present
17221,315,D,17221_315_D.jpg,1.0,0.0,1.0,False,present,test,2_present
17386,225,D,17386_225_D.jpg,1.0,0.0,1.0,False,present,test,2_present
17386,315,D,17386_315_D.jpg,1.0,0.0,1.0,False,present,test,2_present
18163,135,D,18163_135_D.jpg,1.0,0.0,1.0,False,present,test,2_present
18256,225,D,18256_225_D.jpg,1.0,0.0,1.0,False,present,test,2_present
18274,315,D,18274_315_D.jpg,1.0,0.0,1.0,False,present,test,2_present
18274,135,D,18274_135_D.jpg,1.0,0.0,1.0,False,present,test,2_present
18284,45,D,18284_45_D.jpg,1.0,0.0,1.0,False,present,test,2_present
18397,225,D,18397_225_D.jpg,1.0,0.0,1.0,False,present,test,2_present
18432,225,D,18432_225_D.jpg,1.0,0.0,1.0,False,present,test,2_present
18432,135,D,18432_135_D.jpg,2.0,0.0,2.0,False,multiple_present,test,2_present
18782,225,D,18782_225_D.jpg,1.0,0.0,1.0,False,present,test,2_present
18782,315,D,18782_315_D.jpg,2.0,0.0,2.0,False,multiple_present,test,2_present
19035,225,D,19035_225_D.jpg,1.0,0.0,1.0,False,present,test,2_present
19035,135,D,19035_135_D.jpg,1.0,0.0,1.0,False,present,test,2_present
19102,135,D,19102_135_D.jpg,1.0,0.0,1.0,False,present,test,2_present
2663,315,D,2663_315_D.jpg,1.0,0.0,1.0,False,present,test,2_present
2792,315,D,2792_315_D.jpg,1.0,0.0,1.0,False,present,test,2_present
2792,135,D,2792_135_D.jpg,1.0,0.0,1.0,False,present,test,2_present
3905,225,D,3905_225_D.jpg,1.0,0.0,1.0,False,present,test,2_present
4113,225,D,4113_225_D.jpg,1.0,0.0,1.0,False,present,test,2_present
4113,315,D,4113_315_D.jpg,1.0,0.0,1.0,False,present,test,2_present
4113,45,D,4113_45_D.jpg,1.0,0.0,1.0,False,present,test,2_present
4684,45,D,4684_45_D.jpg,1.0,0.0,1.0,False,present,test,2_present
4684,135,D,4684_135_D.jpg,1.0,0.0,1.0,False,present,test,2_present
4750,45,D,4750_45_D.jpg,1.0,0.0,1.0,False,present,test,2_present
4955,225,D,4955_225_D.jpg,1.0,0.0,1.0,False,present,test,2_present
4955,315,D,4955_315_D.jpg,1.0,0.0,1.0,False,present,test,2_present
7090,225,D,7090_225_D.jpg,1.0,0.0,1.0,False,present,test,2_present
7359,315,D,7359_315_D.jpg,1.0,0.0,1.0,False,present,test,2_present
7377,225,D,7377_225_D.jpg,1.0,0.0,1.0,False,present,test,2_present
7593,315,D,7593_315_D.jpg,1.0,0.0,1.0,False,present,test,2_present
7618,45,D,7618_45_D.jpg,1.0,0.0,1.0,False,present,test,2_present
7618,135,D,7618_135_D.jpg,1.0,0.0,1.0,False,present,test,2_present
7691,315,D,7691_315_D.jpg,1.0,0.0,1.0,False,present,test,2_present
7769,315,D,7769_315_D.jpg,1.0,0.0,1.0,False,present,test,2_present
7769,135,D,7769_135_D.jpg,1.0,0.0,1.0,False,present,test,2_present
8062,225,D,8062_225_D.jpg,1.0,0.0,1.0,False,present,test,2_present
8062,315,D,8062_315_D.jpg,1.0,0.0,1.0,False,present,test,2_present
8062,135,D,8062_135_D.jpg,1.0,0.0,1.0,False,present,test,2_present
8540,315,D,8540_315_D.jpg,1.0,0.0,1.0,False,present,test,2_present
8540,45,D,8540_45_D.jpg,1.0,0.0,1.0,False,present,test,2_present
8945,45,D,8945_45_D.jpg,1.0,0.0,1.0,False,present,test,2_present
9564,225,D,9564_225_D.jpg,1.0,0.0,1.0,False,present,test,2_present
9780,315,D,9780_315_D.jpg,1.0,0.0,1.0,False,present,test,2_present
10228,315,B,10228_315_B.jpg,1.0,0.0,1.0,False,present,test,2_present
10228,45,B,10228_45_B.jpg,1.0,0.0,1.0,False,present,test,2_present
11282,225,B,11282_225_B.jpg,1.0,0.0,1.0,False,present,test,2_present
12056,315,B,12056_315_B.jpg,1.0,0.0,1.0,False,present,test,2_present
12251,225,B,12251_225_B.jpg,2.0,0.0,2.0,False,multiple_present,test,2_present
12270,225,B,12270_225_B.jpg,1.0,0.0,1.0,False,present,test,2_present
12747,225,B,12747_225_B.jpg,1.0,0.0,1.0,False,present,test,2_present
12747,315,B,12747_315_B.jpg,1.0,0.0,1.0,False,present,test,2_present
14541,315,B,14541_315_B.jpg,1.0,0.0,1.0,False,present,test,2_present
14541,135,B,14541_135_B.jpg,1.0,0.0,1.0,False,present,test,2_present
16078,315,B,16078_315_B.jpg,1.0,0.0,1.0,False,present,test,2_present
16125,315,B,16125_315_B.jpg,1.0,0.0,1.0,False,present,test,2_present
16180,135,B,16180_135_B.jpg,1.0,0.0,1.0,False,present,test,2_present
17033,315,B,17033_315_B.jpg,1.0,0.0,1.0,False,present,test,2_present
17033,135,B,17033_135_B.jpg,1.0,0.0,1.0,False,present,test,2_present
17202,135,B,17202_135_B.jpg,1.0,0.0,1.0,False,present,test,2_present
17221,225,B,17221_225_B.jpg,2.0,0.0,2.0,False,multiple_present,test,2_present
17386,45,B,17386_45_B.jpg,1.0,0.0,1.0,False,present,test,2_present
17386,135,B,17386_135_B.jpg,2.0,0.0,2.0,False,multiple_present,test,2_present
18163,45,B,18163_45_B.jpg,1.0,0.0,1.0,False,present,test,2_present
18242,135,B,18242_135_B.jpg,1.0,0.0,1.0,False,present,test,2_present
18256,315,B,18256_315_B.jpg,1.0,0.0,1.0,False,present,test,2_present
18256,135,B,18256_135_B.jpg,2.0,0.0,2.0,False,multiple_present,test,2_present
18284,225,B,18284_225_B.jpg,1.0,0.0,1.0,False,present,test,2_present
18284,45,B,18284_45_B.jpg,1.0,0.0,1.0,False,present,test,2_present
18387,315,B,18387_315_B.jpg,1.0,1.0,2.0,True,present,test,2_present
18387,135,B,18387_135_B.jpg,2.0,0.0,2.0,False,multiple_present,test,2_present
18432,225,B,18432_225_B.jpg,1.0,0.0,1.0,False,present,test,2_present
18782,45,B,18782_45_B.jpg,1.0,0.0,1.0,False,present,test,2_present
18782,135,B,18782_135_B.jpg,1.0,0.0,1.0,False,present,test,2_present
19035,45,B,19035_45_B.jpg,1.0,0.0,1.0,False,present,test,2_present
19102,225,B,19102_225_B.jpg,1.0,0.0,1.0,False,present,test,2_present
19102,315,B,19102_315_B.jpg,1.0,0.0,1.0,False,present,test,2_present
2792,225,B,2792_225_B.jpg,1.0,0.0,1.0,False,present,test,2_present
3905,225,B,3905_225_B.jpg,1.0,0.0,1.0,False,present,test,2_present
3905,315,B,3905_315_B.jpg,2.0,0.0,2.0,False,multiple_present,test,2_present
4113,135,B,4113_135_B.jpg,1.0,0.0,1.0,False,present,test,2_present
4955,135,B,4955_135_B.jpg,1.0,1.0,2.0,True,present,test,2_present
7090,315,B,7090_315_B.jpg,1.0,0.0,1.0,False,present,test,2_present
7119,315,B,7119_315_B.jpg,1.0,0.0,1.0,False,present,test,2_present
7119,45,B,7119_45_B.jpg,1.0,0.0,1.0,False,present,test,2_present
7377,315,B,7377_315_B.jpg,1.0,0.0,1.0,False,present,test,2_present
7593,45,B,7593_45_B.jpg,1.0,0.0,1.0,False,present,test,2_present
7633,45,B,7633_45_B.jpg,1.0,0.0,1.0,False,present,test,2_present
7633,135,B,7633_135_B.jpg,1.0,0.0,1.0,False,present,test,2_present
7691,45,B,7691_45_B.jpg,1.0,0.0,1.0,False,present,test,2_present
7769,225,B,7769_225_B.jpg,2.0,0.0,2.0,False,multiple_present,test,2_present
8062,45,B,8062_45_B.jpg,1.0,0.0,1.0,False,present,test,2_present
8540,135,B,8540_135_B.jpg,1.0,0.0,1.0,False,present,test,2_present
9564,315,B,9564_315_B.jpg,1.0,0.0,1.0,False,present,test,2_present
9564,45,B,9564_45_B.jpg,1.0,0.0,1.0,False,present,test,2_present
9780,225,B,9780_225_B.jpg,1.0,0.0,1.0,False,present,test,2_present
9780,45,B,9780_45_B.jpg,1.0,0.0,1.0,False,present,test,2_present
10228,315,E,10228_315_E.jpg,1.0,0.0,1.0,False,present,test,2_present
10228,135,E,10228_135_E.jpg,1.0,0.0,1.0,False,present,test,2_present
12747,225,E,12747_225_E.jpg,1.0,0.0,1.0,False,present,test,2_present
1297,225,E,1297_225_E.jpg,1.0,0.0,1.0,False,present,test,2_present
14541,225,E,14541_225_E.jpg,1.0,0.0,1.0,False,present,test,2_present
16078,45,E,16078_45_E.jpg,1.0,0.0,1.0,False,present,test,2_present
16125,315,E,16125_315_E.jpg,1.0,0.0,1.0,False,present,test,2_present
16180,225,E,16180_225_E.jpg,1.0,0.0,1.0,False,present,test,2_present
16672,225,E,16672_225_E.jpg,1.0,0.0,1.0,False,present,test,2_present
17033,225,E,17033_225_E.jpg,1.0,0.0,1.0,False,present,test,2_present
17033,45,E,17033_45_E.jpg,1.0,0.0,1.0,False,present,test,2_present
17033,135,E,17033_135_E.jpg,1.0,0.0,1.0,False,present,test,2_present
17049,225,E,17049_225_E.jpg,1.0,0.0,1.0,False,present,test,2_present
17202,135,E,17202_135_E.jpg,1.0,0.0,1.0,False,present,test,2_present
17221,225,E,17221_225_E.jpg,2.0,0.0,2.0,False,multiple_present,test,2_present
17221,315,E,17221_315_E.jpg,1.0,0.0,1.0,False,present,test,2_present
17343,225,E,17343_225_E.jpg,1.0,0.0,1.0,False,present,test,2_present
17386,225,E,17386_225_E.jpg,2.0,0.0,2.0,False,multiple_present,test,2_present
17386,315,E,17386_315_E.jpg,1.0,0.0,1.0,False,present,test,2_present
18256,225,E,18256_225_E.jpg,1.0,0.0,1.0,False,present,test,2_present
18274,225,E,18274_225_E.jpg,1.0,0.0,1.0,False,present,test,2_present
18284,225,E,18284_225_E.jpg,1.0,0.0,1.0,False,present,test,2_present
18284,45,E,18284_45_E.jpg,1.0,0.0,1.0,False,present,test,2_present
18432,225,E,18432_225_E.jpg,2.0,0.0,2.0,False,multiple_present,test,2_present
18782,315,E,18782_315_E.jpg,1.0,0.0,1.0,False,present,test,2_present
19035,315,E,19035_315_E.jpg,1.0,0.0,1.0,False,present,test,2_present
19035,135,E,19035_135_E.jpg,1.0,0.0,1.0,False,present,test,2_present
19102,315,E,19102_315_E.jpg,1.0,0.0,1.0,False,present,test,2_present
19102,135,E,19102_135_E.jpg,1.0,1.0,2.0,True,present,test,2_present
2663,315,E,2663_315_E.jpg,2.0,0.0,2.0,False,multiple_present,test,2_present
2792,135,E,2792_135_E.jpg,1.0,0.0,1.0,False,present,test,2_present
3905,225,E,3905_225_E.jpg,1.0,0.0,1.0,False,present,test,2_present
4113,225,E,4113_225_E.jpg,1.0,0.0,1.0,False,present,test,2_present
4113,315,E,4113_315_E.jpg,1.0,0.0,1.0,False,present,test,2_present
4684,45,E,4684_45_E.jpg,1.0,0.0,1.0,False,present,test,2_present
4684,135,E,4684_135_E.jpg,1.0,0.0,1.0,False,present,test,2_present
4955,225,E,4955_225_E.jpg,1.0,0.0,1.0,False,present,test,2_present
7090,225,E,7090_225_E.jpg,1.0,0.0,1.0,False,present,test,2_present
7359,315,E,7359_315_E.jpg,1.0,0.0,1.0,False,present,test,2_present
7377,225,E,7377_225_E.jpg,1.0,0.0,1.0,False,present,test,2_present
7593,135,E,7593_135_E.jpg,1.0,0.0,1.0,False,present,test,2_present
7618,135,E,7618_135_E.jpg,1.0,0.0,1.0,False,present,test,2_present
7633,135,E,7633_135_E.jpg,1.0,0.0,1.0,False,present,test,2_present
7769,315,E,7769_315_E.jpg,2.0,0.0,2.0,False,multiple_present,test,2_present
7769,135,E,7769_135_E.jpg,1.0,0.0,1.0,False,present,test,2_present
8540,315,E,8540_315_E.jpg,1.0,0.0,1.0,False,present,test,2_present
8945,225,E,8945_225_E.jpg,1.0,0.0,1.0,False,present,test,2_present
8945,135,E,8945_135_E.jpg,1.0,0.0,1.0,False,present,test,2_present
9564,135,E,9564_135_E.jpg,1.0,0.0,1.0,False,present,test,2_present
12747,225,F,12747_225_F.jpg,1.0,0.0,1.0,False,present,test,2_present
12747,315,F,12747_315_F.jpg,1.0,0.0,1.0,False,present,test,2_present
14541,135,F,14541_135_F.jpg,1.0,0.0,1.0,False,present,test,2_present
16078,315,F,16078_315_F.jpg,1.0,0.0,1.0,False,present,test,2_present
16078,45,F,16078_45_F.jpg,1.0,0.0,1.0,False,present,test,2_present
16829,315,F,16829_315_F.jpg,1.0,0.0,1.0,False,present,test,2_present
17033,45,F,17033_45_F.jpg,1.0,0.0,1.0,False,present,test,2_present
17033,135,F,17033_135_F.jpg,1.0,0.0,1.0,False,present,test,2_present
17049,225,F,17049_225_F.jpg,2.0,0.0,2.0,False,multiple_present,test,2_present
17202,135,F,17202_135_F.jpg,1.0,0.0,1.0,False,present,test,2_present
17221,225,F,17221_225_F.jpg,1.0,0.0,1.0,False,present,test,2_present
17221,315,F,17221_315_F.jpg,1.0,0.0,1.0,False,present,test,2_present
17343,225,F,17343_225_F.jpg,1.0,0.0,1.0,False,present,test,2_present
17343,315,F,17343_315_F.jpg,1.0,0.0,1.0,False,present,test,2_present
17386,225,F,17386_225_F.jpg,1.0,0.0,1.0,False,present,test,2_present
18242,315,F,18242_315_F.jpg,1.0,0.0,1.0,False,present,test,2_present
18242,135,F,18242_135_F.jpg,1.0,0.0,1.0,False,present,test,2_present
18256,225,F,18256_225_F.jpg,1.0,0.0,1.0,False,present,test,2_present
18284,225,F,18284_225_F.jpg,1.0,0.0,1.0,False,present,test,2_present
18432,225,F,18432_225_F.jpg,1.0,0.0,1.0,False,present,test,2_present
18782,45,F,18782_45_F.jpg,1.0,0.0,1.0,False,present,test,2_present
19102,315,F,19102_315_F.jpg,1.0,0.0,1.0,False,present,test,2_present
2099,315,F,2099_315_F.jpg,1.0,0.0,1.0,False,present,test,2_present
2663,315,F,2663_315_F.jpg,1.0,0.0,1.0,False,present,test,2_present
3515,315,F,3515_315_F.jpg,1.0,0.0,1.0,False,present,test,2_present
4684,45,F,4684_45_F.jpg,1.0,0.0,1.0,False,present,test,2_present
4684,135,F,4684_135_F.jpg,2.0,0.0,2.0,False,multiple_present,test,2_present
4750,315,F,4750_315_F.jpg,1.0,0.0,1.0,False,present,test,2_present
7618,315,F,7618_315_F.jpg,1.0,0.0,1.0,False,present,test,2_present
7633,225,F,7633_225_F.jpg,1.0,1.0,2.0,True,present,test,2_present
7633,135,F,7633_135_F.jpg,1.0,0.0,1.0,False,present,test,2_present
7769,315,F,7769_315_F.jpg,1.0,0.0,1.0,False,present,test,2_present
8503,45,F,8503_45_F.jpg,1.0,0.0,1.0,False,present,test,2_present
8945,225,F,8945_225_F.jpg,1.0,0.0,1.0,False,present,test,2_present
8945,135,F,8945_135_F.jpg,1.0,0.0,1.0,False,present,test,2_present
10228,45,A,10228_45_A.jpg,1.0,0.0,1.0,False,present,test,2_present
12251,225,A,12251_225_A.jpg,2.0,0.0,2.0,False,multiple_present,test,2_present
12270,225,A,12270_225_A.jpg,1.0,0.0,1.0,False,present,test,2_present
12747,225,A,12747_225_A.jpg,1.0,0.0,1.0,False,present,test,2_present
14541,225,A,14541_225_A.jpg,1.0,0.0,1.0,False,present,test,2_present
16078,315,A,16078_315_A.jpg,1.0,0.0,1.0,False,present,test,2_present
16078,45,A,16078_45_A.jpg,1.0,0.0,1.0,False,present,test,2_present
16125,225,A,16125_225_A.jpg,1.0,0.0,1.0,False,present,test,2_present
16125,315,A,16125_315_A.jpg,1.0,1.0,2.0,True,present,test,2_present
16180,135,A,16180_135_A.jpg,1.0,1.0,2.0,True,present,test,2_present
16672,45,A,16672_45_A.jpg,1.0,0.0,1.0,False,present,test,2_present
16829,225,A,16829_225_A.jpg,1.0,0.0,1.0,False,present,test,2_present
17068,315,A,17068_315_A.jpg,1.0,0.0,1.0,False,present,test,2_present
17202,135,A,17202_135_A.jpg,1.0,0.0,1.0,False,present,test,2_present
17221,225,A,17221_225_A.jpg,1.0,0.0,1.0,False,present,test,2_present
17386,135,A,17386_135_A.jpg,1.0,0.0,1.0,False,present,test,2_present
18163,45,A,18163_45_A.jpg,1.0,0.0,1.0,False,present,test,2_present
18242,135,A,18242_135_A.jpg,1.0,0.0,1.0,False,present,test,2_present
18243,225,A,18243_225_A.jpg,1.0,0.0,1.0,False,present,test,2_present
18243,315,A,18243_315_A.jpg,1.0,0.0,1.0,False,present,test,2_present
18256,315,A,18256_315_A.jpg,1.0,0.0,1.0,False,present,test,2_present
18284,45,A,18284_45_A.jpg,1.0,0.0,1.0,False,present,test,2_present
18387,135,A,18387_135_A.jpg,2.0,0.0,2.0,False,multiple_present,test,2_present
18432,225,A,18432_225_A.jpg,2.0,0.0,2.0,False,multiple_present,test,2_present
18782,225,A,18782_225_A.jpg,1.0,1.0,2.0,True,present,test,2_present
19035,45,A,19035_45_A.jpg,1.0,0.0,1.0,False,present,test,2_present
19102,225,A,19102_225_A.jpg,1.0,0.0,1.0,False,present,test,2_present
3905,315,A,3905_315_A.jpg,1.0,0.0,1.0,False,present,test,2_present
4113,135,A,4113_135_A.jpg,1.0,0.0,1.0,False,present,test,2_present
7090,225,A,7090_225_A.jpg,1.0,0.0,1.0,False,present,test,2_present
7119,45,A,7119_45_A.jpg,1.0,0.0,1.0,False,present,test,2_present
7377,315,A,7377_315_A.jpg,1.0,0.0,1.0,False,present,test,2_present
7618,225,A,7618_225_A.jpg,1.0,0.0,1.0,False,present,test,2_present
7769,225,A,7769_225_A.jpg,1.0,0.0,1.0,False,present,test,2_present
