img_id,heading,crop_num,jpg_name,present_ramp,missing_ramp,total_count,includes_both,ground_truth,train/val/test,folder_label,train/valid
12578,315,C,12578_315_C.jpg,0.0,1.0,1.0,False,only_missing,train,0_missing,train
12578,135,C,12578_135_C.jpg,0.0,1.0,1.0,False,only_missing,train,0_missing,train
16258,135,C,16258_135_C.jpg,0.0,1.0,1.0,False,only_missing,train,0_missing,train
1663,135,C,1663_135_C.jpg,0.0,1.0,1.0,False,only_missing,train,0_missing,train
18158,225,C,18158_225_C.jpg,0.0,1.0,1.0,False,only_missing,train,0_missing,train
18802,315,C,18802_315_C.jpg,0.0,1.0,1.0,False,only_missing,train,0_missing,train
18955,135,C,18955_135_C.jpg,0.0,1.0,1.0,False,only_missing,train,0_missing,train
18998,45,C,18998_45_C.jpg,0.0,1.0,1.0,False,only_missing,train,0_missing,train
19027,315,C,19027_315_C.jpg,0.0,1.0,1.0,False,only_missing,train,0_missing,train
2210,315,C,2210_315_C.jpg,0.0,1.0,1.0,False,only_missing,train,0_missing,train
2446,225,C,2446_225_C.jpg,0.0,1.0,1.0,False,only_missing,train,0_missing,train
2957,135,C,2957_135_C.jpg,0.0,1.0,1.0,False,only_missing,train,0_missing,train
4350,315,C,4350_315_C.jpg,0.0,1.0,1.0,False,only_missing,validation,0_missing,train
5241,45,C,5241_45_C.jpg,0.0,1.0,1.0,False,only_missing,train,0_missing,train
7755,45,C,7755_45_C.jpg,0.0,1.0,1.0,False,only_missing,train,0_missing,train
8475,315,C,8475_315_C.jpg,0.0,1.0,1.0,False,only_missing,validation,0_missing,train
8531,135,C,8531_135_C.jpg,0.0,1.0,1.0,False,only_missing,train,0_missing,train
8829,135,C,8829_135_C.jpg,0.0,1.0,1.0,False,only_missing,train,0_missing,train
9552,225,C,9552_225_C.jpg,0.0,1.0,1.0,False,only_missing,validation,0_missing,train
9552,135,C,9552_135_C.jpg,0.0,2.0,2.0,False,only_missing,validation,0_missing,train
10076,315,D,10076_315_D.jpg,0.0,1.0,1.0,False,only_missing,train,0_missing,train
12578,315,D,12578_315_D.jpg,0.0,1.0,1.0,False,only_missing,train,0_missing,train
1636,225,D,1636_225_D.jpg,0.0,1.0,1.0,False,only_missing,train,0_missing,train
1663,315,D,1663_315_D.jpg,0.0,1.0,1.0,False,only_missing,train,0_missing,train
1721,225,D,1721_225_D.jpg,0.0,1.0,1.0,False,only_missing,validation,0_missing,train
17892,135,D,17892_135_D.jpg,0.0,1.0,1.0,False,only_missing,train,0_missing,train
19029,225,D,19029_225_D.jpg,0.0,1.0,1.0,False,only_missing,train,0_missing,train
4093,225,D,4093_225_D.jpg,0.0,1.0,1.0,False,only_missing,train,0_missing,train
4093,315,D,4093_315_D.jpg,0.0,1.0,1.0,False,only_missing,train,0_missing,train
4918,135,D,4918_135_D.jpg,0.0,1.0,1.0,False,only_missing,train,0_missing,train
5196,45,D,5196_45_D.jpg,0.0,1.0,1.0,False,only_missing,train,0_missing,train
5373,315,D,5373_315_D.jpg,0.0,1.0,1.0,False,only_missing,train,0_missing,train
6500,225,D,6500_225_D.jpg,0.0,1.0,1.0,False,only_missing,train,0_missing,train
7755,135,D,7755_135_D.jpg,0.0,1.0,1.0,False,only_missing,train,0_missing,train
8531,135,D,8531_135_D.jpg,0.0,1.0,1.0,False,only_missing,train,0_missing,train
8589,225,D,8589_225_D.jpg,0.0,1.0,1.0,False,only_missing,train,0_missing,train
8791,315,D,8791_315_D.jpg,0.0,1.0,1.0,False,only_missing,train,0_missing,train
8791,45,D,8791_45_D.jpg,0.0,1.0,1.0,False,only_missing,train,0_missing,train
9552,135,D,9552_135_D.jpg,0.0,1.0,1.0,False,only_missing,validation,0_missing,train
9808,315,D,9808_315_D.jpg,0.0,1.0,1.0,False,only_missing,train,0_missing,train
10702,315,B,10702_315_B.jpg,0.0,1.0,1.0,False,only_missing,train,0_missing,train
16258,135,B,16258_135_B.jpg,0.0,1.0,1.0,False,only_missing,train,0_missing,train
1721,315,B,1721_315_B.jpg,0.0,1.0,1.0,False,only_missing,validation,0_missing,train
18158,225,B,18158_225_B.jpg,0.0,1.0,1.0,False,only_missing,train,0_missing,train
18158,315,B,18158_315_B.jpg,0.0,1.0,1.0,False,only_missing,train,0_missing,train
18802,315,B,18802_315_B.jpg,0.0,1.0,1.0,False,only_missing,train,0_missing,train
18969,315,B,18969_315_B.jpg,0.0,1.0,1.0,False,only_missing,train,0_missing,train
18989,45,B,18989_45_B.jpg,0.0,1.0,1.0,False,only_missing,validation,0_missing,train
18989,135,B,18989_135_B.jpg,0.0,1.0,1.0,False,only_missing,validation,0_missing,train
18998,315,B,18998_315_B.jpg,0.0,1.0,1.0,False,only_missing,train,0_missing,train
18998,45,B,18998_45_B.jpg,0.0,2.0,2.0,False,only_missing,train,0_missing,train
19027,315,B,19027_315_B.jpg,0.0,1.0,1.0,False,only_missing,train,0_missing,train
19029,225,B,19029_225_B.jpg,0.0,1.0,1.0,False,only_missing,train,0_missing,train
2446,225,B,2446_225_B.jpg,0.0,1.0,1.0,False,only_missing,train,0_missing,train
2957,135,B,2957_135_B.jpg,0.0,1.0,1.0,False,only_missing,train,0_missing,train
3517,315,B,3517_315_B.jpg,0.0,1.0,1.0,False,only_missing,validation,0_missing,train
4047,135,B,4047_135_B.jpg,0.0,1.0,1.0,False,only_missing,train,0_missing,train
4350,135,B,4350_135_B.jpg,0.0,1.0,1.0,False,only_missing,validation,0_missing,train
5588,135,B,5588_135_B.jpg,0.0,1.0,1.0,False,only_missing,train,0_missing,train
8475,315,B,8475_315_B.jpg,0.0,1.0,1.0,False,only_missing,validation,0_missing,train
8791,225,B,8791_225_B.jpg,0.0,1.0,1.0,False,only_missing,train,0_missing,train
9552,225,B,9552_225_B.jpg,0.0,1.0,1.0,False,only_missing,validation,0_missing,train
9552,135,B,9552_135_B.jpg,0.0,1.0,1.0,False,only_missing,validation,0_missing,train
10076,315,E,10076_315_E.jpg,0.0,1.0,1.0,False,only_missing,train,0_missing,train
1721,225,E,1721_225_E.jpg,0.0,1.0,1.0,False,only_missing,validation,0_missing,train
17892,135,E,17892_135_E.jpg,0.0,1.0,1.0,False,only_missing,train,0_missing,train
19029,225,E,19029_225_E.jpg,0.0,1.0,1.0,False,only_missing,train,0_missing,train
4093,225,E,4093_225_E.jpg,0.0,1.0,1.0,False,only_missing,train,0_missing,train
4093,315,E,4093_315_E.jpg,0.0,1.0,1.0,False,only_missing,train,0_missing,train
6500,225,E,6500_225_E.jpg,0.0,1.0,1.0,False,only_missing,train,0_missing,train
8791,315,E,8791_315_E.jpg,0.0,1.0,1.0,False,only_missing,train,0_missing,train
8861,225,E,8861_225_E.jpg,0.0,1.0,1.0,False,only_missing,validation,0_missing,train
10702,225,F,10702_225_F.jpg,0.0,1.0,1.0,False,only_missing,train,0_missing,train
12776,225,F,12776_225_F.jpg,0.0,1.0,1.0,False,only_missing,train,0_missing,train
18278,135,F,18278_135_F.jpg,0.0,1.0,1.0,False,only_missing,train,0_missing,train
18969,45,F,18969_45_F.jpg,0.0,1.0,1.0,False,only_missing,train,0_missing,train
18989,225,F,18989_225_F.jpg,0.0,1.0,1.0,False,only_missing,validation,0_missing,train
6500,225,F,6500_225_F.jpg,0.0,1.0,1.0,False,only_missing,train,0_missing,train
8475,315,F,8475_315_F.jpg,0.0,1.0,1.0,False,only_missing,validation,0_missing,train
8589,45,F,8589_45_F.jpg,0.0,1.0,1.0,False,only_missing,train,0_missing,train
8861,225,F,8861_225_F.jpg,0.0,1.0,1.0,False,only_missing,validation,0_missing,train
10076,315,A,10076_315_A.jpg,0.0,1.0,1.0,False,only_missing,train,0_missing,train
18158,225,A,18158_225_A.jpg,0.0,1.0,1.0,False,only_missing,train,0_missing,train
18158,315,A,18158_315_A.jpg,0.0,1.0,1.0,False,only_missing,train,0_missing,train
18278,225,A,18278_225_A.jpg,0.0,1.0,1.0,False,only_missing,train,0_missing,train
18401,135,A,18401_135_A.jpg,0.0,1.0,1.0,False,only_missing,train,0_missing,train
18802,225,A,18802_225_A.jpg,0.0,1.0,1.0,False,only_missing,train,0_missing,train
18969,315,A,18969_315_A.jpg,0.0,1.0,1.0,False,only_missing,train,0_missing,train
18969,135,A,18969_135_A.jpg,0.0,1.0,1.0,False,only_missing,train,0_missing,train
18989,315,A,18989_315_A.jpg,0.0,1.0,1.0,False,only_missing,validation,0_missing,train
18989,45,A,18989_45_A.jpg,0.0,1.0,1.0,False,only_missing,validation,0_missing,train
18989,135,A,18989_135_A.jpg,0.0,1.0,1.0,False,only_missing,validation,0_missing,train
18998,315,A,18998_315_A.jpg,0.0,1.0,1.0,False,only_missing,train,0_missing,train
18998,45,A,18998_45_A.jpg,0.0,1.0,1.0,False,only_missing,train,0_missing,train
19029,225,A,19029_225_A.jpg,0.0,1.0,1.0,False,only_missing,train,0_missing,train
3517,45,A,3517_45_A.jpg,0.0,1.0,1.0,False,only_missing,validation,0_missing,train
5588,135,A,5588_135_A.jpg,0.0,1.0,1.0,False,only_missing,train,0_missing,train
8791,225,A,8791_225_A.jpg,0.0,1.0,1.0,False,only_missing,train,0_missing,train
8861,315,A,8861_315_A.jpg,0.0,1.0,1.0,False,only_missing,validation,0_missing,train
9552,225,A,9552_225_A.jpg,0.0,1.0,1.0,False,only_missing,validation,0_missing,train
4903,135,C,4903_135_C.jpg,1.0,0.0,1.0,False,present,train,1_present,train
10407,225,D,10407_225_D.jpg,1.0,0.0,1.0,False,present,train,1_present,train
1636,225,C,1636_225_C.jpg,1.0,0.0,1.0,False,present,train,1_present,train
4726,315,D,4726_315_D.jpg,1.0,0.0,1.0,False,present,train,1_present,train
16377,225,C,16377_225_C.jpg,1.0,0.0,1.0,False,present,train,1_present,train
7362,45,E,7362_45_E.jpg,1.0,0.0,1.0,False,present,train,1_present,train
17179,45,B,17179_45_B.jpg,1.0,0.0,1.0,False,present,train,1_present,train
8569,225,E,8569_225_E.jpg,1.0,0.0,1.0,False,present,train,1_present,train
7978,45,A,7978_45_A.jpg,1.0,0.0,1.0,False,present,train,1_present,train
17045,315,C,17045_315_C.jpg,1.0,0.0,1.0,False,present,train,1_present,train
12776,225,D,12776_225_D.jpg,1.0,0.0,1.0,False,present,train,1_present,train
17641,225,C,17641_225_C.jpg,1.0,0.0,1.0,False,present,train,1_present,train
9557,225,D,9557_225_D.jpg,1.0,0.0,1.0,False,present,train,1_present,train
7403,225,E,7403_225_E.jpg,1.0,0.0,1.0,False,present,train,1_present,train
10277,45,C,10277_45_C.jpg,2.0,0.0,2.0,False,multiple_present,train,1_present,train
17170,135,E,17170_135_E.jpg,1.0,0.0,1.0,False,present,train,1_present,train
510,135,D,510_135_D.jpg,1.0,0.0,1.0,False,present,train,1_present,train
18279,225,F,18279_225_F.jpg,1.0,0.0,1.0,False,present,train,1_present,train
2350,315,E,2350_315_E.jpg,1.0,0.0,1.0,False,present,train,1_present,train
18920,45,D,18920_45_D.jpg,1.0,0.0,1.0,False,present,train,1_present,train
12305,135,C,12305_135_C.jpg,1.0,0.0,1.0,False,present,train,1_present,train
3654,315,C,3654_315_C.jpg,1.0,0.0,1.0,False,present,train,1_present,train
4945,225,D,4945_225_D.jpg,1.0,0.0,1.0,False,present,train,1_present,train
18410,45,D,18410_45_D.jpg,2.0,0.0,2.0,False,multiple_present,train,1_present,train
4042,45,E,4042_45_E.jpg,2.0,0.0,2.0,False,multiple_present,train,1_present,train
12266,45,D,12266_45_D.jpg,1.0,0.0,1.0,False,present,train,1_present,train
5479,225,E,5479_225_E.jpg,1.0,0.0,1.0,False,present,train,1_present,train
4294,315,D,4294_315_D.jpg,1.0,0.0,1.0,False,present,validation,1_present,train
8839,315,E,8839_315_E.jpg,1.0,0.0,1.0,False,present,validation,1_present,train
8568,225,D,8568_225_D.jpg,1.0,0.0,1.0,False,present,train,1_present,train
17180,45,C,17180_45_C.jpg,2.0,0.0,2.0,False,multiple_present,train,1_present,train
7859,225,A,7859_225_A.jpg,1.0,0.0,1.0,False,present,validation,1_present,train
18321,315,C,18321_315_C.jpg,1.0,0.0,1.0,False,present,train,1_present,train
9756,315,D,9756_315_D.jpg,1.0,0.0,1.0,False,present,train,1_present,train
10423,225,E,10423_225_E.jpg,1.0,0.0,1.0,False,present,validation,1_present,train
17735,45,B,17735_45_B.jpg,1.0,0.0,1.0,False,present,validation,1_present,train
16927,135,B,16927_135_B.jpg,1.0,0.0,1.0,False,present,train,1_present,train
6752,315,C,6752_315_C.jpg,1.0,0.0,1.0,False,present,validation,1_present,train
5624,315,D,5624_315_D.jpg,2.0,0.0,2.0,False,multiple_present,train,1_present,train
10277,135,B,10277_135_B.jpg,1.0,0.0,1.0,False,present,train,1_present,train
3654,45,C,3654_45_C.jpg,1.0,0.0,1.0,False,present,train,1_present,train
6523,225,C,6523_225_C.jpg,1.0,0.0,1.0,False,present,train,1_present,train
11744,225,B,11744_225_B.jpg,1.0,0.0,1.0,False,present,train,1_present,train
11772,45,B,11772_45_B.jpg,1.0,0.0,1.0,False,present,validation,1_present,train
2446,135,C,2446_135_C.jpg,1.0,0.0,1.0,False,present,train,1_present,train
7611,135,E,7611_135_E.jpg,1.0,0.0,1.0,False,present,train,1_present,train
2210,315,D,2210_315_D.jpg,1.0,1.0,2.0,True,present,train,1_present,train
10277,315,D,10277_315_D.jpg,2.0,0.0,2.0,False,multiple_present,train,1_present,train
4404,225,E,4404_225_E.jpg,1.0,0.0,1.0,False,present,train,1_present,train
6343,225,B,6343_225_B.jpg,1.0,0.0,1.0,False,present,train,1_present,train
19027,315,D,19027_315_D.jpg,1.0,0.0,1.0,False,present,train,1_present,train
4504,135,B,4504_135_B.jpg,1.0,0.0,1.0,False,present,train,1_present,train
12367,315,B,12367_315_B.jpg,1.0,0.0,1.0,False,present,train,1_present,train
17385,45,E,17385_45_E.jpg,1.0,0.0,1.0,False,present,validation,1_present,train
18813,315,B,18813_315_B.jpg,1.0,0.0,1.0,False,present,train,1_present,train
14190,225,E,14190_225_E.jpg,1.0,0.0,1.0,False,present,train,1_present,train
18802,225,E,18802_225_E.jpg,1.0,0.0,1.0,False,present,train,1_present,train
14073,315,B,14073_315_B.jpg,1.0,0.0,1.0,False,present,train,1_present,train
2087,315,D,2087_315_D.jpg,1.0,0.0,1.0,False,present,train,1_present,train
17062,135,D,17062_135_D.jpg,1.0,0.0,1.0,False,present,train,1_present,train
18920,225,F,18920_225_F.jpg,1.0,0.0,1.0,False,present,train,1_present,train
10423,225,D,10423_225_D.jpg,1.0,0.0,1.0,False,present,validation,1_present,train
7411,135,D,7411_135_D.jpg,1.0,0.0,1.0,False,present,train,1_present,train
2460,315,C,2460_315_C.jpg,1.0,0.0,1.0,False,present,train,1_present,train
17152,135,A,17152_135_A.jpg,1.0,0.0,1.0,False,present,train,1_present,train
12273,45,B,12273_45_B.jpg,1.0,0.0,1.0,False,present,train,1_present,train
7855,135,B,7855_135_B.jpg,1.0,0.0,1.0,False,present,train,1_present,train
6752,135,D,6752_135_D.jpg,1.0,0.0,1.0,False,present,validation,1_present,train
16377,315,A,16377_315_A.jpg,1.0,0.0,1.0,False,present,train,1_present,train
14190,135,B,14190_135_B.jpg,1.0,0.0,1.0,False,present,train,1_present,train
7003,225,C,7003_225_C.jpg,1.0,0.0,1.0,False,present,train,1_present,train
5362,45,C,5362_45_C.jpg,1.0,0.0,1.0,False,present,train,1_present,train
17408,45,C,17408_45_C.jpg,1.0,0.0,1.0,False,present,train,1_present,train
19025,45,A,19025_45_A.jpg,1.0,0.0,1.0,False,present,train,1_present,train
6973,315,C,6973_315_C.jpg,1.0,0.0,1.0,False,present,train,1_present,train
17047,45,E,17047_45_E.jpg,1.0,0.0,1.0,False,present,train,1_present,train
8650,315,E,8650_315_E.jpg,1.0,0.0,1.0,False,present,validation,1_present,train
6343,135,C,6343_135_C.jpg,1.0,0.0,1.0,False,present,train,1_present,train
3751,135,D,3751_135_D.jpg,1.0,0.0,1.0,False,present,train,1_present,train
16275,315,B,16275_315_B.jpg,1.0,0.0,1.0,False,present,train,1_present,train
17179,135,D,17179_135_D.jpg,1.0,0.0,1.0,False,present,train,1_present,train
18398,225,A,18398_225_A.jpg,2.0,0.0,2.0,False,multiple_present,train,1_present,train
13806,315,C,13806_315_C.jpg,1.0,0.0,1.0,False,present,validation,1_present,train
18151,225,B,18151_225_B.jpg,1.0,0.0,1.0,False,present,train,1_present,train
8483,225,E,8483_225_E.jpg,1.0,0.0,1.0,False,present,train,1_present,train
510,45,F,510_45_F.jpg,1.0,0.0,1.0,False,present,train,1_present,train
1721,45,C,1721_45_C.jpg,1.0,0.0,1.0,False,present,validation,1_present,train
10423,135,F,10423_135_F.jpg,1.0,0.0,1.0,False,present,validation,1_present,train
18312,135,C,18312_135_C.jpg,1.0,0.0,1.0,False,present,train,1_present,train
1205,135,A,1205_135_A.jpg,1.0,0.0,1.0,False,present,train,1_present,train
18205,135,D,18205_135_D.jpg,1.0,0.0,1.0,False,present,validation,1_present,train
5373,135,D,5373_135_D.jpg,1.0,0.0,1.0,False,present,train,1_present,train
7673,45,D,7673_45_D.jpg,1.0,0.0,1.0,False,present,train,1_present,train
19040,135,A,19040_135_A.jpg,1.0,0.0,1.0,False,present,train,1_present,train
1663,135,D,1663_135_D.jpg,1.0,1.0,2.0,True,present,train,1_present,train
1908,225,F,1908_225_F.jpg,1.0,0.0,1.0,False,present,train,1_present,train
19009,135,E,19009_135_E.jpg,1.0,0.0,1.0,False,present,train,1_present,train
18210,315,B,18210_315_B.jpg,1.0,0.0,1.0,False,present,train,1_present,train
18205,135,C,18205_135_C.jpg,1.0,0.0,1.0,False,present,validation,1_present,train
5791,315,D,5791_315_D.jpg,1.0,0.0,1.0,False,present,train,1_present,train
18204,135,C,18204_135_C.jpg,1.0,0.0,1.0,False,present,train,1_present,train
2511,135,E,2511_135_E.jpg,1.0,0.0,1.0,False,present,train,1_present,train
17170,315,E,17170_315_E.jpg,1.0,0.0,1.0,False,present,train,1_present,train
15245,135,E,15245_135_E.jpg,1.0,0.0,1.0,False,present,train,1_present,train
1195,45,C,1195_45_C.jpg,1.0,1.0,2.0,True,present,train,1_present,train
18131,315,A,18131_315_A.jpg,1.0,0.0,1.0,False,present,train,1_present,train
16175,225,C,16175_225_C.jpg,1.0,0.0,1.0,False,present,train,1_present,train
18075,315,A,18075_315_A.jpg,1.0,0.0,1.0,False,present,train,1_present,train
2087,225,C,2087_225_C.jpg,1.0,0.0,1.0,False,present,train,1_present,train
18965,135,D,18965_135_D.jpg,1.0,0.0,1.0,False,present,train,1_present,train
6753,315,D,6753_315_D.jpg,2.0,0.0,2.0,False,multiple_present,train,1_present,train
2087,135,C,2087_135_C.jpg,1.0,0.0,1.0,False,present,train,1_present,train
7100,315,A,7100_315_A.jpg,1.0,0.0,1.0,False,present,train,1_present,train
5791,225,B,5791_225_B.jpg,1.0,0.0,1.0,False,present,train,1_present,train
19051,315,F,19051_315_F.jpg,1.0,0.0,1.0,False,present,train,1_present,train
17976,225,E,17976_225_E.jpg,1.0,0.0,1.0,False,present,validation,1_present,train
18321,225,F,18321_225_F.jpg,1.0,0.0,1.0,False,present,train,1_present,train
7748,315,C,7748_315_C.jpg,1.0,0.0,1.0,False,present,train,1_present,train
18205,225,E,18205_225_E.jpg,1.0,0.0,1.0,False,present,validation,1_present,train
17406,315,C,17406_315_C.jpg,1.0,0.0,1.0,False,present,train,1_present,train
16746,315,D,16746_315_D.jpg,1.0,0.0,1.0,False,present,validation,1_present,train
7743,45,D,7743_45_D.jpg,2.0,0.0,2.0,False,multiple_present,train,1_present,train
12057,315,C,12057_315_C.jpg,1.0,0.0,1.0,False,present,train,1_present,train
11206,135,B,11206_135_B.jpg,1.0,0.0,1.0,False,present,train,1_present,train
17408,135,E,17408_135_E.jpg,2.0,0.0,2.0,False,multiple_present,train,1_present,train
18151,315,D,18151_315_D.jpg,1.0,0.0,1.0,False,present,train,1_present,train
15858,315,D,15858_315_D.jpg,1.0,0.0,1.0,False,present,train,1_present,train
8080,45,E,8080_45_E.jpg,1.0,0.0,1.0,False,present,train,1_present,train
10708,135,C,10708_135_C.jpg,1.0,0.0,1.0,False,present,validation,1_present,train
18321,315,D,18321_315_D.jpg,1.0,0.0,1.0,False,present,train,1_present,train
18281,45,E,18281_45_E.jpg,2.0,0.0,2.0,False,multiple_present,train,1_present,train
18989,135,F,18989_135_F.jpg,1.0,0.0,1.0,False,present,validation,1_present,train
5362,225,E,5362_225_E.jpg,1.0,0.0,1.0,False,present,train,1_present,train
7411,45,C,7411_45_C.jpg,1.0,0.0,1.0,False,present,train,1_present,train
17974,135,B,17974_135_B.jpg,1.0,0.0,1.0,False,present,train,1_present,train
14073,135,B,14073_135_B.jpg,1.0,0.0,1.0,False,present,train,1_present,train
15829,135,E,15829_135_E.jpg,2.0,0.0,2.0,False,multiple_present,validation,1_present,train
2460,45,B,2460_45_B.jpg,1.0,0.0,1.0,False,present,train,1_present,train
18410,225,F,18410_225_F.jpg,1.0,0.0,1.0,False,present,train,1_present,train
16614,225,A,16614_225_A.jpg,1.0,0.0,1.0,False,present,train,1_present,train
7108,135,C,7108_135_C.jpg,1.0,0.0,1.0,False,present,train,1_present,train
17067,135,A,17067_135_A.jpg,1.0,0.0,1.0,False,present,train,1_present,train
6500,315,B,6500_315_B.jpg,1.0,0.0,1.0,False,present,train,1_present,train
18989,225,B,18989_225_B.jpg,1.0,0.0,1.0,False,present,validation,1_present,train
9006,225,B,9006_225_B.jpg,1.0,0.0,1.0,False,present,validation,1_present,train
8829,315,F,8829_315_F.jpg,1.0,0.0,1.0,False,present,train,1_present,train
8828,135,C,8828_135_C.jpg,1.0,0.0,1.0,False,present,train,1_present,train
11206,315,D,11206_315_D.jpg,1.0,0.0,1.0,False,present,train,1_present,train
2269,45,F,2269_45_F.jpg,1.0,0.0,1.0,False,present,validation,1_present,train
8483,45,B,8483_45_B.jpg,1.0,0.0,1.0,False,present,train,1_present,train
6544,45,E,6544_45_E.jpg,1.0,0.0,1.0,False,present,train,1_present,train
1899,135,E,1899_135_E.jpg,1.0,0.0,1.0,False,present,train,1_present,train
10636,45,E,10636_45_E.jpg,1.0,0.0,1.0,False,present,validation,1_present,train
17699,135,E,17699_135_E.jpg,1.0,0.0,1.0,False,present,train,1_present,train
17641,135,E,17641_135_E.jpg,1.0,0.0,1.0,False,present,train,1_present,train
16177,225,E,16177_225_E.jpg,1.0,0.0,1.0,False,present,train,1_present,train
4918,315,B,4918_315_B.jpg,1.0,0.0,1.0,False,present,train,1_present,train
7970,135,C,7970_135_C.jpg,1.0,0.0,1.0,False,present,validation,1_present,train
19027,135,F,19027_135_F.jpg,1.0,0.0,1.0,False,present,train,1_present,train
1936,135,C,1936_135_C.jpg,1.0,0.0,1.0,False,present,train,1_present,train
11269,315,F,11269_315_F.jpg,1.0,0.0,1.0,False,present,train,1_present,train
15629,225,E,15629_225_E.jpg,1.0,0.0,1.0,False,present,train,1_present,train
5588,225,C,5588_225_C.jpg,1.0,0.0,1.0,False,present,train,1_present,train
18401,315,A,18401_315_A.jpg,2.0,0.0,2.0,False,multiple_present,train,1_present,train
7837,225,C,7837_225_C.jpg,1.0,0.0,1.0,False,present,train,1_present,train
16743,45,C,16743_45_C.jpg,1.0,0.0,1.0,False,present,train,1_present,train
6852,315,D,6852_315_D.jpg,1.0,0.0,1.0,False,present,train,1_present,train
4913,135,C,4913_135_C.jpg,1.0,0.0,1.0,False,present,train,1_present,train
3573,225,E,3573_225_E.jpg,1.0,0.0,1.0,False,present,validation,1_present,train
7136,315,C,7136_315_C.jpg,1.0,0.0,1.0,False,present,train,1_present,train
4294,135,E,4294_135_E.jpg,1.0,0.0,1.0,False,present,validation,1_present,train
17411,135,E,17411_135_E.jpg,1.0,0.0,1.0,False,present,train,1_present,train
17403,225,C,17403_225_C.jpg,1.0,0.0,1.0,False,present,train,1_present,train
7411,135,C,7411_135_C.jpg,1.0,0.0,1.0,False,present,train,1_present,train
16377,45,D,16377_45_D.jpg,1.0,0.0,1.0,False,present,train,1_present,train
15829,45,D,15829_45_D.jpg,1.0,0.0,1.0,False,present,validation,1_present,train
12248,45,E,12248_45_E.jpg,1.0,0.0,1.0,False,present,train,1_present,train
5116,315,B,5116_315_B.jpg,1.0,0.0,1.0,False,present,train,1_present,train
12260,225,B,12260_225_B.jpg,1.0,0.0,1.0,False,present,train,1_present,train
17976,315,B,17976_315_B.jpg,1.0,0.0,1.0,False,present,validation,1_present,train
15629,225,B,15629_225_B.jpg,2.0,0.0,2.0,False,multiple_present,train,1_present,train
15829,135,D,15829_135_D.jpg,2.0,0.0,2.0,False,multiple_present,validation,1_present,train
18813,45,B,18813_45_B.jpg,1.0,0.0,1.0,False,present,train,1_present,train
18218,225,B,18218_225_B.jpg,1.0,0.0,1.0,False,present,train,1_present,train
18998,135,C,18998_135_C.jpg,1.0,0.0,1.0,False,present,train,1_present,train
6962,315,A,6962_315_A.jpg,1.0,0.0,1.0,False,present,train,1_present,train
6451,45,C,6451_45_C.jpg,1.0,0.0,1.0,False,present,train,1_present,train
16275,135,C,16275_135_C.jpg,1.0,0.0,1.0,False,present,train,1_present,train
11985,225,B,11985_225_B.jpg,1.0,0.0,1.0,False,present,train,1_present,train
18969,135,E,18969_135_E.jpg,1.0,0.0,1.0,False,present,train,1_present,train
1721,45,D,1721_45_D.jpg,1.0,0.0,1.0,False,present,validation,1_present,train
6549,315,B,6549_315_B.jpg,1.0,0.0,1.0,False,present,train,1_present,train
19023,45,B,19023_45_B.jpg,1.0,0.0,1.0,False,present,train,1_present,train
19003,315,E,19003_315_E.jpg,1.0,0.0,1.0,False,present,train,1_present,train
14185,45,F,14185_45_F.jpg,1.0,0.0,1.0,False,present,train,1_present,train
6962,45,B,6962_45_B.jpg,1.0,0.0,1.0,False,present,train,1_present,train
12367,225,C,12367_225_C.jpg,1.0,0.0,1.0,False,present,train,1_present,train
7985,225,F,7985_225_F.jpg,1.0,0.0,1.0,False,present,train,1_present,train
18128,225,C,18128_225_C.jpg,1.0,0.0,1.0,False,present,train,1_present,train
18205,315,D,18205_315_D.jpg,1.0,0.0,1.0,False,present,validation,1_present,train
2511,135,F,2511_135_F.jpg,1.0,0.0,1.0,False,present,train,1_present,train
2685,45,D,2685_45_D.jpg,1.0,0.0,1.0,False,present,train,1_present,train
7405,45,C,7405_45_C.jpg,1.0,0.0,1.0,False,present,train,1_present,train
2564,135,F,2564_135_F.jpg,1.0,0.0,1.0,False,present,train,1_present,train
15629,315,A,15629_315_A.jpg,1.0,0.0,1.0,False,present,train,1_present,train
19023,315,B,19023_315_B.jpg,1.0,0.0,1.0,False,present,train,1_present,train
18965,45,E,18965_45_E.jpg,1.0,0.0,1.0,False,present,train,1_present,train
2460,45,C,2460_45_C.jpg,1.0,0.0,1.0,False,present,train,1_present,train
15245,45,A,15245_45_A.jpg,1.0,0.0,1.0,False,present,train,1_present,train
1747,45,B,1747_45_B.jpg,1.0,0.0,1.0,False,present,train,1_present,train
17699,45,D,17699_45_D.jpg,1.0,0.0,1.0,False,present,train,1_present,train
14739,45,E,14739_45_E.jpg,1.0,0.0,1.0,False,present,train,1_present,train
15858,315,A,15858_315_A.jpg,1.0,0.0,1.0,False,present,train,1_present,train
6275,45,C,6275_45_C.jpg,1.0,0.0,1.0,False,present,train,1_present,train
18278,225,F,18278_225_F.jpg,1.0,0.0,1.0,False,present,train,1_present,train
19028,315,E,19028_315_E.jpg,1.0,0.0,1.0,False,present,train,1_present,train
12051,315,B,12051_315_B.jpg,1.0,0.0,1.0,False,present,train,1_present,train
19121,225,C,19121_225_C.jpg,1.0,0.0,1.0,False,present,validation,1_present,train
18920,315,E,18920_315_E.jpg,1.0,0.0,1.0,False,present,train,1_present,train
11765,45,F,11765_45_F.jpg,1.0,0.0,1.0,False,present,train,1_present,train
9987,315,D,9987_315_D.jpg,1.0,0.0,1.0,False,present,train,1_present,train
17067,45,D,17067_45_D.jpg,1.0,0.0,1.0,False,present,train,1_present,train
6520,315,C,6520_315_C.jpg,1.0,0.0,1.0,False,present,train,1_present,train
8721,45,F,8721_45_F.jpg,1.0,0.0,1.0,False,present,train,1_present,train
8839,225,E,8839_225_E.jpg,1.0,1.0,2.0,True,present,validation,1_present,train
18969,225,B,18969_225_B.jpg,1.0,0.0,1.0,False,present,train,1_present,train
16824,225,F,16824_225_F.jpg,1.0,0.0,1.0,False,present,train,1_present,train
19040,135,B,19040_135_B.jpg,1.0,0.0,1.0,False,present,train,1_present,train
19124,315,B,19124_315_B.jpg,2.0,0.0,2.0,False,multiple_present,train,1_present,train
18278,135,A,18278_135_A.jpg,1.0,0.0,1.0,False,present,train,1_present,train
17045,315,B,17045_315_B.jpg,1.0,0.0,1.0,False,present,train,1_present,train
17974,135,C,17974_135_C.jpg,1.0,0.0,1.0,False,present,train,1_present,train
13198,135,D,13198_135_D.jpg,1.0,0.0,1.0,False,present,train,1_present,train
16215,135,C,16215_135_C.jpg,1.0,0.0,1.0,False,present,validation,1_present,train
17179,315,F,17179_315_F.jpg,1.0,0.0,1.0,False,present,train,1_present,train
4615,45,E,4615_45_E.jpg,1.0,0.0,1.0,False,present,train,1_present,train
5642,225,D,5642_225_D.jpg,1.0,0.0,1.0,False,present,train,1_present,train
13641,45,F,13641_45_F.jpg,2.0,0.0,2.0,False,multiple_present,train,1_present,train
15629,315,F,15629_315_F.jpg,1.0,0.0,1.0,False,present,train,1_present,train
5791,315,B,5791_315_B.jpg,1.0,0.0,1.0,False,present,train,1_present,train
13839,45,A,13839_45_A.jpg,1.0,0.0,1.0,False,present,validation,1_present,train
2269,225,B,2269_225_B.jpg,1.0,0.0,1.0,False,present,validation,1_present,train
1721,315,C,1721_315_C.jpg,1.0,1.0,2.0,True,present,validation,1_present,train
17170,315,F,17170_315_F.jpg,1.0,0.0,1.0,False,present,train,1_present,train
11295,315,F,11295_315_F.jpg,1.0,0.0,1.0,False,present,train,1_present,train
17403,45,B,17403_45_B.jpg,1.0,0.0,1.0,False,present,train,1_present,train
13198,225,D,13198_225_D.jpg,1.0,0.0,1.0,False,present,train,1_present,train
12367,135,D,12367_135_D.jpg,1.0,0.0,1.0,False,present,train,1_present,train
4726,45,C,4726_45_C.jpg,1.0,0.0,1.0,False,present,train,1_present,train
7362,135,B,7362_135_B.jpg,1.0,0.0,1.0,False,present,train,1_present,train
18398,225,F,18398_225_F.jpg,2.0,0.0,2.0,False,multiple_present,train,1_present,train
5791,45,A,5791_45_A.jpg,1.0,0.0,1.0,False,present,train,1_present,train
8853,135,D,8853_135_D.jpg,1.0,0.0,1.0,False,present,train,1_present,train
16968,315,E,16968_315_E.jpg,1.0,0.0,1.0,False,present,train,1_present,train
7003,315,C,7003_315_C.jpg,1.0,0.0,1.0,False,present,train,1_present,train
12051,135,E,12051_135_E.jpg,1.0,0.0,1.0,False,present,train,1_present,train
14627,225,E,14627_225_E.jpg,1.0,0.0,1.0,False,present,train,1_present,train
10423,315,F,10423_315_F.jpg,1.0,0.0,1.0,False,present,validation,1_present,train
6529,135,C,6529_135_C.jpg,1.0,0.0,1.0,False,present,train,1_present,train
16833,225,C,16833_225_C.jpg,1.0,0.0,1.0,False,present,train,1_present,train
13853,225,E,13853_225_E.jpg,1.0,0.0,1.0,False,present,train,1_present,train
5894,45,B,5894_45_B.jpg,1.0,0.0,1.0,False,present,train,1_present,train
18312,45,E,18312_45_E.jpg,1.0,0.0,1.0,False,present,train,1_present,train
10039,135,D,10039_135_D.jpg,1.0,0.0,1.0,False,present,train,1_present,train
8192,225,B,8192_225_B.jpg,1.0,0.0,1.0,False,present,train,1_present,train
7405,45,D,7405_45_D.jpg,1.0,0.0,1.0,False,present,train,1_present,train
5894,45,A,5894_45_A.jpg,1.0,0.0,1.0,False,present,train,1_present,train
7316,315,D,7316_315_D.jpg,1.0,0.0,1.0,False,present,train,1_present,train
4047,315,B,4047_315_B.jpg,1.0,0.0,1.0,False,present,train,1_present,train
14540,225,B,14540_225_B.jpg,1.0,0.0,1.0,False,present,train,1_present,train
16218,135,C,16218_135_C.jpg,1.0,0.0,1.0,False,present,train,1_present,train
7755,315,D,7755_315_D.jpg,1.0,0.0,1.0,False,present,train,1_present,train
1908,225,E,1908_225_E.jpg,2.0,0.0,2.0,False,multiple_present,train,1_present,train
10018,45,E,10018_45_E.jpg,1.0,0.0,1.0,False,present,train,1_present,train
8584,45,D,8584_45_D.jpg,1.0,0.0,1.0,False,present,train,1_present,train
8715,135,E,8715_135_E.jpg,1.0,0.0,1.0,False,present,train,1_present,train
9827,135,B,9827_135_B.jpg,1.0,0.0,1.0,False,present,train,1_present,train
4726,45,B,4726_45_B.jpg,1.0,0.0,1.0,False,present,train,1_present,train
18944,45,D,18944_45_D.jpg,1.0,0.0,1.0,False,present,train,1_present,train
1205,135,B,1205_135_B.jpg,1.0,0.0,1.0,False,present,train,1_present,train
1926,45,C,1926_45_C.jpg,1.0,0.0,1.0,False,present,train,1_present,train
9808,45,B,9808_45_B.jpg,1.0,0.0,1.0,False,present,train,1_present,train
7743,315,F,7743_315_F.jpg,1.0,0.0,1.0,False,present,train,1_present,train
18272,225,D,18272_225_D.jpg,1.0,0.0,1.0,False,present,train,1_present,train
13641,45,A,13641_45_A.jpg,1.0,0.0,1.0,False,present,train,1_present,train
12066,315,C,12066_315_C.jpg,1.0,0.0,1.0,False,present,validation,1_present,train
17966,315,B,17966_315_B.jpg,1.0,0.0,1.0,False,present,validation,1_present,train
7859,225,D,7859_225_D.jpg,1.0,0.0,1.0,False,present,validation,1_present,train
18281,315,E,18281_315_E.jpg,1.0,0.0,1.0,False,present,train,1_present,train
17026,315,A,17026_315_A.jpg,1.0,0.0,1.0,False,present,train,1_present,train
19133,45,A,19133_45_A.jpg,1.0,0.0,1.0,False,present,train,1_present,train
4846,315,F,4846_315_F.jpg,1.0,0.0,1.0,False,present,train,1_present,train
8584,315,D,8584_315_D.jpg,1.0,0.0,1.0,False,present,train,1_present,train
9052,45,E,9052_45_E.jpg,1.0,0.0,1.0,False,present,train,1_present,train
3524,135,D,3524_135_D.jpg,1.0,0.0,1.0,False,present,train,1_present,train
17699,315,D,17699_315_D.jpg,1.0,0.0,1.0,False,present,train,1_present,train
4165,45,B,4165_45_B.jpg,2.0,0.0,2.0,False,multiple_present,validation,1_present,train
7909,45,E,7909_45_E.jpg,1.0,0.0,1.0,False,present,validation,1_present,train
10782,135,E,10782_135_E.jpg,1.0,0.0,1.0,False,present,train,1_present,train
13513,135,C,13513_135_C.jpg,1.0,0.0,1.0,False,present,train,1_present,train
18204,315,D,18204_315_D.jpg,1.0,0.0,1.0,False,present,train,1_present,train
16743,225,E,16743_225_E.jpg,1.0,0.0,1.0,False,present,train,1_present,train
3573,315,E,3573_315_E.jpg,1.0,0.0,1.0,False,present,validation,1_present,train
8483,45,C,8483_45_C.jpg,2.0,0.0,2.0,False,multiple_present,train,1_present,train
5362,45,B,5362_45_B.jpg,1.0,0.0,1.0,False,present,train,1_present,train
7405,135,A,7405_135_A.jpg,1.0,0.0,1.0,False,present,train,1_present,train
7673,225,C,7673_225_C.jpg,1.0,0.0,1.0,False,present,train,1_present,train
19051,225,E,19051_225_E.jpg,1.0,0.0,1.0,False,present,train,1_present,train
18210,225,D,18210_225_D.jpg,1.0,0.0,1.0,False,present,train,1_present,train
7609,225,D,7609_225_D.jpg,1.0,0.0,1.0,False,present,train,1_present,train
18145,135,D,18145_135_D.jpg,1.0,0.0,1.0,False,present,train,1_present,train
18312,45,D,18312_45_D.jpg,2.0,0.0,2.0,False,multiple_present,train,1_present,train
17002,315,C,17002_315_C.jpg,1.0,0.0,1.0,False,present,train,1_present,train
14190,225,C,14190_225_C.jpg,1.0,0.0,1.0,False,present,train,1_present,train
8569,135,E,8569_135_E.jpg,1.0,0.0,1.0,False,present,train,1_present,train
7743,315,E,7743_315_E.jpg,1.0,0.0,1.0,False,present,train,1_present,train
16746,315,C,16746_315_C.jpg,1.0,0.0,1.0,False,present,validation,1_present,train
13051,315,C,13051_315_C.jpg,1.0,0.0,1.0,False,present,train,1_present,train
13051,45,C,13051_45_C.jpg,1.0,0.0,1.0,False,present,train,1_present,train
19121,135,E,19121_135_E.jpg,1.0,0.0,1.0,False,present,validation,1_present,train
17045,315,D,17045_315_D.jpg,1.0,0.0,1.0,False,present,train,1_present,train
16254,225,C,16254_225_C.jpg,1.0,0.0,1.0,False,present,train,1_present,train
13991,225,E,13991_225_E.jpg,1.0,0.0,1.0,False,present,train,1_present,train
3577,135,E,3577_135_E.jpg,1.0,0.0,1.0,False,present,train,1_present,train
6343,315,E,6343_315_E.jpg,1.0,0.0,1.0,False,present,train,1_present,train
5758,315,C,5758_315_C.jpg,1.0,0.0,1.0,False,present,train,1_present,train
5588,45,E,5588_45_E.jpg,1.0,0.0,1.0,False,present,train,1_present,train
4550,225,C,4550_225_C.jpg,1.0,0.0,1.0,False,present,validation,1_present,train
11206,315,C,11206_315_C.jpg,1.0,0.0,1.0,False,present,train,1_present,train
12241,315,A,12241_315_A.jpg,1.0,0.0,1.0,False,present,train,1_present,train
17179,315,E,17179_315_E.jpg,2.0,0.0,2.0,False,multiple_present,train,1_present,train
10076,135,E,10076_135_E.jpg,1.0,1.0,2.0,True,present,train,1_present,train
16833,45,E,16833_45_E.jpg,1.0,0.0,1.0,False,present,train,1_present,train
12258,45,C,12258_45_C.jpg,1.0,0.0,1.0,False,present,train,1_present,train
8589,135,E,8589_135_E.jpg,1.0,0.0,1.0,False,present,train,1_present,train
17141,135,F,17141_135_F.jpg,1.0,0.0,1.0,False,present,train,1_present,train
18151,135,B,18151_135_B.jpg,2.0,0.0,2.0,False,multiple_present,train,1_present,train
17047,135,C,17047_135_C.jpg,1.0,0.0,1.0,False,present,train,1_present,train
4615,45,F,4615_45_F.jpg,1.0,0.0,1.0,False,present,train,1_present,train
2511,225,E,2511_225_E.jpg,1.0,0.0,1.0,False,present,train,1_present,train
18340,45,D,18340_45_D.jpg,1.0,0.0,1.0,False,present,train,1_present,train
4034,135,A,4034_135_A.jpg,1.0,0.0,1.0,False,present,train,1_present,train
6950,225,D,6950_225_D.jpg,1.0,0.0,1.0,False,present,train,1_present,train
4016,225,A,4016_225_A.jpg,1.0,0.0,1.0,False,present,train,1_present,train
8861,315,D,8861_315_D.jpg,1.0,0.0,1.0,False,present,validation,1_present,train
18393,225,D,18393_225_D.jpg,2.0,0.0,2.0,False,multiple_present,train,1_present,train
13198,315,D,13198_315_D.jpg,1.0,0.0,1.0,False,present,train,1_present,train
18075,225,D,18075_225_D.jpg,1.0,0.0,1.0,False,present,train,1_present,train
7155,45,B,7155_45_B.jpg,1.0,0.0,1.0,False,present,train,1_present,train
680,135,C,680_135_C.jpg,1.0,0.0,1.0,False,present,train,1_present,train
2511,315,D,2511_315_D.jpg,1.0,0.0,1.0,False,present,train,1_present,train
10423,315,C,10423_315_C.jpg,1.0,0.0,1.0,False,present,validation,1_present,train
12248,45,D,12248_45_D.jpg,1.0,0.0,1.0,False,present,train,1_present,train
17411,45,D,17411_45_D.jpg,1.0,0.0,1.0,False,present,train,1_present,train
17436,225,E,17436_225_E.jpg,1.0,0.0,1.0,False,present,train,1_present,train
18482,225,C,18482_225_C.jpg,1.0,0.0,1.0,False,present,train,1_present,train
17067,315,C,17067_315_C.jpg,1.0,0.0,1.0,False,present,train,1_present,train
18278,225,C,18278_225_C.jpg,1.0,0.0,1.0,False,present,train,1_present,train
19028,315,D,19028_315_D.jpg,1.0,0.0,1.0,False,present,train,1_present,train
5791,45,B,5791_45_B.jpg,1.0,0.0,1.0,False,present,train,1_present,train
6752,225,D,6752_225_D.jpg,1.0,0.0,1.0,False,present,validation,1_present,train
4042,225,A,4042_225_A.jpg,1.0,0.0,1.0,False,present,train,1_present,train
18205,45,E,18205_45_E.jpg,1.0,0.0,1.0,False,present,validation,1_present,train
15629,45,B,15629_45_B.jpg,1.0,0.0,1.0,False,present,train,1_present,train
5876,135,A,5876_135_A.jpg,1.0,0.0,1.0,False,present,train,1_present,train
14619,45,A,14619_45_A.jpg,1.0,0.0,1.0,False,present,train,1_present,train
7675,315,D,7675_315_D.jpg,1.0,0.0,1.0,False,present,train,1_present,train
8483,135,A,8483_135_A.jpg,1.0,0.0,1.0,False,present,train,1_present,train
6662,45,C,6662_45_C.jpg,1.0,0.0,1.0,False,present,train,1_present,train
19009,45,C,19009_45_C.jpg,2.0,0.0,2.0,False,multiple_present,train,1_present,train
15629,315,E,15629_315_E.jpg,2.0,0.0,2.0,False,multiple_present,train,1_present,train
5443,225,A,5443_225_A.jpg,1.0,0.0,1.0,False,present,train,1_present,train
9756,45,C,9756_45_C.jpg,1.0,0.0,1.0,False,present,train,1_present,train
16175,135,D,16175_135_D.jpg,1.0,0.0,1.0,False,present,train,1_present,train
14540,135,B,14540_135_B.jpg,1.0,0.0,1.0,False,present,train,1_present,train
12578,225,E,12578_225_E.jpg,1.0,0.0,1.0,False,present,train,1_present,train
2666,45,E,2666_45_E.jpg,1.0,0.0,1.0,False,present,train,1_present,train
13254,45,E,13254_45_E.jpg,2.0,0.0,2.0,False,multiple_present,train,1_present,train
17002,315,D,17002_315_D.jpg,1.0,0.0,1.0,False,present,train,1_present,train
6662,225,E,6662_225_E.jpg,1.0,0.0,1.0,False,present,train,1_present,train
17437,45,B,17437_45_B.jpg,1.0,0.0,1.0,False,present,train,1_present,train
10277,225,E,10277_225_E.jpg,1.0,0.0,1.0,False,present,train,1_present,train
4282,45,C,4282_45_C.jpg,1.0,0.0,1.0,False,present,train,1_present,train
12806,135,B,12806_135_B.jpg,1.0,0.0,1.0,False,present,train,1_present,train
2269,135,C,2269_135_C.jpg,1.0,0.0,1.0,False,present,validation,1_present,train
7748,315,D,7748_315_D.jpg,2.0,0.0,2.0,False,multiple_present,train,1_present,train
19121,225,D,19121_225_D.jpg,1.0,0.0,1.0,False,present,validation,1_present,train
16275,315,C,16275_315_C.jpg,2.0,0.0,2.0,False,multiple_present,train,1_present,train
7403,135,C,7403_135_C.jpg,1.0,0.0,1.0,False,present,train,1_present,train
1747,225,D,1747_225_D.jpg,1.0,0.0,1.0,False,present,train,1_present,train
7970,135,D,7970_135_D.jpg,2.0,0.0,2.0,False,multiple_present,validation,1_present,train
10013,135,A,10013_135_A.jpg,1.0,0.0,1.0,False,present,validation,1_present,train
19025,225,B,19025_225_B.jpg,1.0,0.0,1.0,False,present,train,1_present,train
17170,45,C,17170_45_C.jpg,2.0,0.0,2.0,False,multiple_present,train,1_present,train
10039,315,A,10039_315_A.jpg,1.0,0.0,1.0,False,present,train,1_present,train
11559,135,D,11559_135_D.jpg,1.0,0.0,1.0,False,present,train,1_present,train
2678,315,D,2678_315_D.jpg,1.0,0.0,1.0,False,present,train,1_present,train
5308,45,C,5308_45_C.jpg,1.0,0.0,1.0,False,present,train,1_present,train
4504,225,D,4504_225_D.jpg,1.0,0.0,1.0,False,present,train,1_present,train
17180,135,D,17180_135_D.jpg,2.0,0.0,2.0,False,multiple_present,train,1_present,train
5308,225,B,5308_225_B.jpg,1.0,0.0,1.0,False,present,train,1_present,train
18396,225,D,18396_225_D.jpg,1.0,0.0,1.0,False,present,train,1_present,train
18151,315,C,18151_315_C.jpg,1.0,0.0,1.0,False,present,train,1_present,train
8531,45,B,8531_45_B.jpg,1.0,0.0,1.0,False,present,train,1_present,train
680,45,A,680_45_A.jpg,2.0,0.0,2.0,False,multiple_present,train,1_present,train
4350,315,B,4350_315_B.jpg,1.0,1.0,2.0,True,present,validation,1_present,train
18340,45,A,18340_45_A.jpg,2.0,0.0,2.0,False,multiple_present,train,1_present,train
5116,225,D,5116_225_D.jpg,1.0,0.0,1.0,False,present,train,1_present,train
8839,225,D,8839_225_D.jpg,1.0,1.0,2.0,True,present,validation,1_present,train
17445,225,B,17445_225_B.jpg,1.0,0.0,1.0,False,present,train,1_present,train
9852,315,C,9852_315_C.jpg,1.0,0.0,1.0,False,present,train,1_present,train
15619,315,D,15619_315_D.jpg,1.0,0.0,1.0,False,present,train,1_present,train
8787,45,D,8787_45_D.jpg,1.0,0.0,1.0,False,present,train,1_present,train
6053,315,E,6053_315_E.jpg,1.0,0.0,1.0,False,present,train,1_present,train
7659,225,E,7659_225_E.jpg,1.0,0.0,1.0,False,present,train,1_present,train
17850,135,D,17850_135_D.jpg,1.0,0.0,1.0,False,present,validation,1_present,train
5116,135,F,5116_135_F.jpg,1.0,0.0,1.0,False,present,train,1_present,train
18151,225,C,18151_225_C.jpg,1.0,0.0,1.0,False,present,train,1_present,train
8780,45,E,8780_45_E.jpg,1.0,0.0,1.0,False,present,validation,1_present,train
8650,45,B,8650_45_B.jpg,1.0,0.0,1.0,False,present,validation,1_present,train
17392,45,A,17392_45_A.jpg,1.0,0.0,1.0,False,present,train,1_present,train
17026,135,D,17026_135_D.jpg,1.0,0.0,1.0,False,present,train,1_present,train
18340,315,A,18340_315_A.jpg,1.0,0.0,1.0,False,present,train,1_present,train
4047,225,D,4047_225_D.jpg,1.0,0.0,1.0,False,present,train,1_present,train
17051,315,F,17051_315_F.jpg,1.0,0.0,1.0,False,present,train,1_present,train
7480,45,C,7480_45_C.jpg,1.0,0.0,1.0,False,present,train,1_present,train
2555,45,D,2555_45_D.jpg,1.0,0.0,1.0,False,present,train,1_present,train
9557,315,E,9557_315_E.jpg,1.0,0.0,1.0,False,present,train,1_present,train
10423,135,E,10423_135_E.jpg,1.0,0.0,1.0,False,present,validation,1_present,train
4504,45,B,4504_45_B.jpg,1.0,0.0,1.0,False,present,train,1_present,train
17247,315,D,17247_315_D.jpg,1.0,0.0,1.0,False,present,train,1_present,train
17141,315,D,17141_315_D.jpg,1.0,0.0,1.0,False,present,train,1_present,train
8399,225,D,8399_225_D.jpg,1.0,0.0,1.0,False,present,validation,1_present,train
7003,315,D,7003_315_D.jpg,1.0,0.0,1.0,False,present,train,1_present,train
4903,135,D,4903_135_D.jpg,1.0,0.0,1.0,False,present,train,1_present,train
13051,135,F,13051_135_F.jpg,1.0,0.0,1.0,False,present,train,1_present,train
17051,225,E,17051_225_E.jpg,1.0,0.0,1.0,False,present,train,1_present,train
8828,45,C,8828_45_C.jpg,1.0,0.0,1.0,False,present,train,1_present,train
4726,135,E,4726_135_E.jpg,1.0,0.0,1.0,False,present,train,1_present,train
6753,225,F,6753_225_F.jpg,1.0,0.0,1.0,False,present,train,1_present,train
17976,315,C,17976_315_C.jpg,1.0,0.0,1.0,False,present,validation,1_present,train
17966,315,A,17966_315_A.jpg,1.0,0.0,1.0,False,present,validation,1_present,train
5362,135,D,5362_135_D.jpg,1.0,0.0,1.0,False,present,train,1_present,train
12582,45,C,12582_45_C.jpg,1.0,0.0,1.0,False,present,train,1_present,train
7411,225,D,7411_225_D.jpg,1.0,0.0,1.0,False,present,train,1_present,train
7859,315,F,7859_315_F.jpg,1.0,0.0,1.0,False,present,validation,1_present,train
16927,225,D,16927_225_D.jpg,1.0,0.0,1.0,False,present,train,1_present,train
17385,45,F,17385_45_F.jpg,1.0,0.0,1.0,False,present,validation,1_present,train
17053,45,D,17053_45_D.jpg,1.0,0.0,1.0,False,present,train,1_present,train
9716,45,C,9716_45_C.jpg,1.0,0.0,1.0,False,present,train,1_present,train
5196,135,D,5196_135_D.jpg,1.0,0.0,1.0,False,present,train,1_present,train
16679,135,B,16679_135_B.jpg,1.0,0.0,1.0,False,present,train,1_present,train
19034,225,B,19034_225_B.jpg,1.0,0.0,1.0,False,present,train,1_present,train
18944,225,D,18944_225_D.jpg,1.0,0.0,1.0,False,present,train,1_present,train
10708,135,B,10708_135_B.jpg,1.0,0.0,1.0,False,present,validation,1_present,train
7405,315,E,7405_315_E.jpg,1.0,0.0,1.0,False,present,train,1_present,train
4350,135,E,4350_135_E.jpg,1.0,0.0,1.0,False,present,validation,1_present,train
16215,225,B,16215_225_B.jpg,1.0,0.0,1.0,False,present,validation,1_present,train
6852,45,B,6852_45_B.jpg,1.0,0.0,1.0,False,present,train,1_present,train
17699,315,C,17699_315_C.jpg,1.0,0.0,1.0,False,present,train,1_present,train
4016,315,E,4016_315_E.jpg,1.0,0.0,1.0,False,present,train,1_present,train
19051,225,A,19051_225_A.jpg,1.0,0.0,1.0,False,present,train,1_present,train
7481,225,D,7481_225_D.jpg,1.0,0.0,1.0,False,present,train,1_present,train
18802,225,F,18802_225_F.jpg,1.0,0.0,1.0,False,present,train,1_present,train
7253,225,D,7253_225_D.jpg,1.0,0.0,1.0,False,present,train,1_present,train
8483,225,C,8483_225_C.jpg,1.0,0.0,1.0,False,present,train,1_present,train
4903,315,D,4903_315_D.jpg,1.0,0.0,1.0,False,present,train,1_present,train
19034,135,D,19034_135_D.jpg,1.0,0.0,1.0,False,present,train,1_present,train
18920,225,B,18920_225_B.jpg,2.0,0.0,2.0,False,multiple_present,train,1_present,train
680,135,F,680_135_F.jpg,1.0,0.0,1.0,False,present,train,1_present,train
13373,45,E,13373_45_E.jpg,1.0,0.0,1.0,False,present,train,1_present,train
9987,45,B,9987_45_B.jpg,1.0,0.0,1.0,False,present,train,1_present,train
6520,315,B,6520_315_B.jpg,1.0,0.0,1.0,False,present,train,1_present,train
12266,45,C,12266_45_C.jpg,1.0,0.0,1.0,False,present,train,1_present,train
12578,45,B,12578_45_B.jpg,1.0,0.0,1.0,False,present,train,1_present,train
3524,135,C,3524_135_C.jpg,1.0,0.0,1.0,False,present,train,1_present,train
8780,315,D,8780_315_D.jpg,1.0,0.0,1.0,False,present,validation,1_present,train
18218,225,A,18218_225_A.jpg,1.0,0.0,1.0,False,present,train,1_present,train
1936,315,F,1936_315_F.jpg,1.0,0.0,1.0,False,present,train,1_present,train
9716,315,D,9716_315_D.jpg,1.0,0.0,1.0,False,present,train,1_present,train
9052,135,C,9052_135_C.jpg,1.0,0.0,1.0,False,present,train,1_present,train
13755,135,B,13755_135_B.jpg,1.0,0.0,1.0,False,present,train,1_present,train
7316,45,E,7316_45_E.jpg,1.0,0.0,1.0,False,present,train,1_present,train
10013,45,D,10013_45_D.jpg,1.0,0.0,1.0,False,present,validation,1_present,train
2555,225,D,2555_225_D.jpg,1.0,0.0,1.0,False,present,train,1_present,train
18204,45,D,18204_45_D.jpg,1.0,0.0,1.0,False,present,train,1_present,train
17411,45,B,17411_45_B.jpg,1.0,0.0,1.0,False,present,train,1_present,train
17038,135,F,17038_135_F.jpg,1.0,0.0,1.0,False,present,validation,1_present,train
17067,45,E,17067_45_E.jpg,1.0,0.0,1.0,False,present,train,1_present,train
13198,45,C,13198_45_C.jpg,1.0,0.0,1.0,False,present,train,1_present,train
19124,315,C,19124_315_C.jpg,2.0,0.0,2.0,False,multiple_present,train,1_present,train
7970,45,C,7970_45_C.jpg,1.0,0.0,1.0,False,present,validation,1_present,train
16824,45,A,16824_45_A.jpg,1.0,0.0,1.0,False,present,train,1_present,train
510,135,E,510_135_E.jpg,1.0,0.0,1.0,False,present,train,1_present,train
5443,225,B,5443_225_B.jpg,1.0,0.0,1.0,False,present,train,1_present,train
1721,315,D,1721_315_D.jpg,1.0,0.0,1.0,False,present,validation,1_present,train
1908,45,B,1908_45_B.jpg,1.0,0.0,1.0,False,present,train,1_present,train
13991,135,F,13991_135_F.jpg,1.0,0.0,1.0,False,present,train,1_present,train
16376,225,C,16376_225_C.jpg,1.0,0.0,1.0,False,present,train,1_present,train
12584,315,F,12584_315_F.jpg,1.0,0.0,1.0,False,present,train,1_present,train
19035,315,C,19035_315_C.jpg,0.0,1.0,1.0,False,only_missing,test,0_missing,valid
12270,135,D,12270_135_D.jpg,0.0,1.0,1.0,False,only_missing,test,0_missing,valid
19035,45,D,19035_45_D.jpg,0.0,1.0,1.0,False,only_missing,test,0_missing,valid
4750,315,D,4750_315_D.jpg,0.0,1.0,1.0,False,only_missing,test,0_missing,valid
7691,45,D,7691_45_D.jpg,0.0,1.0,1.0,False,only_missing,test,0_missing,valid
17033,45,B,17033_45_B.jpg,0.0,1.0,1.0,False,only_missing,test,0_missing,valid
18242,315,B,18242_315_B.jpg,0.0,1.0,1.0,False,only_missing,test,0_missing,valid
18256,225,B,18256_225_B.jpg,0.0,1.0,1.0,False,only_missing,test,0_missing,valid
19035,315,B,19035_315_B.jpg,0.0,1.0,1.0,False,only_missing,test,0_missing,valid
19102,45,B,19102_45_B.jpg,0.0,1.0,1.0,False,only_missing,test,0_missing,valid
7691,315,B,7691_315_B.jpg,0.0,1.0,1.0,False,only_missing,test,0_missing,valid
12251,135,E,12251_135_E.jpg,0.0,1.0,1.0,False,only_missing,test,0_missing,valid
16125,45,E,16125_45_E.jpg,0.0,1.0,1.0,False,only_missing,test,0_missing,valid
19035,45,E,19035_45_E.jpg,0.0,1.0,1.0,False,only_missing,test,0_missing,valid
4750,315,E,4750_315_E.jpg,0.0,1.0,1.0,False,only_missing,test,0_missing,valid
12251,135,F,12251_135_F.jpg,0.0,1.0,1.0,False,only_missing,test,0_missing,valid
16125,45,F,16125_45_F.jpg,0.0,1.0,1.0,False,only_missing,test,0_missing,valid
18274,225,F,18274_225_F.jpg,0.0,1.0,1.0,False,only_missing,test,0_missing,valid
19102,135,F,19102_135_F.jpg,0.0,1.0,1.0,False,only_missing,test,0_missing,valid
4750,45,F,4750_45_F.jpg,0.0,1.0,1.0,False,only_missing,test,0_missing,valid
1297,135,A,1297_135_A.jpg,0.0,1.0,1.0,False,only_missing,test,0_missing,valid
17033,45,A,17033_45_A.jpg,0.0,1.0,1.0,False,only_missing,test,0_missing,valid
17386,225,A,17386_225_A.jpg,0.0,1.0,1.0,False,only_missing,test,0_missing,valid
18242,315,A,18242_315_A.jpg,0.0,1.0,1.0,False,only_missing,test,0_missing,valid
18271,225,A,18271_225_A.jpg,0.0,1.0,1.0,False,only_missing,test,0_missing,valid
18271,135,A,18271_135_A.jpg,0.0,1.0,1.0,False,only_missing,test,0_missing,valid
19102,45,A,19102_45_A.jpg,0.0,1.0,1.0,False,only_missing,test,0_missing,valid
2663,315,A,2663_315_A.jpg,0.0,1.0,1.0,False,only_missing,test,0_missing,valid
4955,135,A,4955_135_A.jpg,0.0,1.0,1.0,False,only_missing,test,0_missing,valid
10228,225,C,10228_225_C.jpg,1.0,0.0,1.0,False,present,test,1_present,valid
10228,315,C,10228_315_C.jpg,1.0,0.0,1.0,False,present,test,1_present,valid
11282,225,C,11282_225_C.jpg,1.0,0.0,1.0,False,present,test,1_present,valid
11282,45,C,11282_45_C.jpg,1.0,0.0,1.0,False,present,test,1_present,valid
11282,135,C,11282_135_C.jpg,1.0,0.0,1.0,False,present,test,1_present,valid
12056,225,C,12056_225_C.jpg,1.0,0.0,1.0,False,present,test,1_present,valid
12056,315,C,12056_315_C.jpg,1.0,0.0,1.0,False,present,test,1_present,valid
12056,45,C,12056_45_C.jpg,1.0,0.0,1.0,False,present,test,1_present,valid
12056,135,C,12056_135_C.jpg,1.0,0.0,1.0,False,present,test,1_present,valid
12747,315,C,12747_315_C.jpg,1.0,0.0,1.0,False,present,test,1_present,valid
13234,225,C,13234_225_C.jpg,1.0,0.0,1.0,False,present,test,1_present,valid
14541,315,C,14541_315_C.jpg,1.0,0.0,1.0,False,present,test,1_present,valid
14541,135,C,14541_135_C.jpg,1.0,0.0,1.0,False,present,test,1_present,valid
16078,315,C,16078_315_C.jpg,1.0,0.0,1.0,False,present,test,1_present,valid
16180,225,C,16180_225_C.jpg,1.0,0.0,1.0,False,present,test,1_present,valid
16672,225,C,16672_225_C.jpg,1.0,0.0,1.0,False,present,test,1_present,valid
16829,45,C,16829_45_C.jpg,1.0,0.0,1.0,False,present,test,1_present,valid
17033,315,C,17033_315_C.jpg,1.0,0.0,1.0,False,present,test,1_present,valid
17033,135,C,17033_135_C.jpg,1.0,0.0,1.0,False,present,test,1_present,valid
17049,45,C,17049_45_C.jpg,1.0,0.0,1.0,False,present,test,1_present,valid
17049,135,C,17049_135_C.jpg,1.0,0.0,1.0,False,present,test,1_present,valid
17202,225,C,17202_225_C.jpg,1.0,0.0,1.0,False,present,test,1_present,valid
17221,315,C,17221_315_C.jpg,1.0,0.0,1.0,False,present,test,1_present,valid
17386,45,C,17386_45_C.jpg,1.0,0.0,1.0,False,present,test,1_present,valid
17386,135,C,17386_135_C.jpg,1.0,0.0,1.0,False,present,test,1_present,valid
18163,135,C,18163_135_C.jpg,1.0,0.0,1.0,False,present,test,1_present,valid
18242,315,C,18242_315_C.jpg,1.0,1.0,2.0,True,present,test,1_present,valid
18242,45,C,18242_45_C.jpg,1.0,0.0,1.0,False,present,test,1_present,valid
18256,225,C,18256_225_C.jpg,1.0,1.0,2.0,True,present,test,1_present,valid
18256,135,C,18256_135_C.jpg,2.0,0.0,2.0,False,multiple_present,test,1_present,valid
18274,225,C,18274_225_C.jpg,1.0,0.0,1.0,False,present,test,1_present,valid
18274,135,C,18274_135_C.jpg,1.0,0.0,1.0,False,present,test,1_present,valid
18284,225,C,18284_225_C.jpg,1.0,0.0,1.0,False,present,test,1_present,valid
18387,315,C,18387_315_C.jpg,1.0,0.0,1.0,False,present,test,1_present,valid
18397,225,C,18397_225_C.jpg,1.0,0.0,1.0,False,present,test,1_present,valid
18432,135,C,18432_135_C.jpg,2.0,0.0,2.0,False,multiple_present,test,1_present,valid
18782,225,C,18782_225_C.jpg,1.0,0.0,1.0,False,present,test,1_present,valid
18782,315,C,18782_315_C.jpg,1.0,0.0,1.0,False,present,test,1_present,valid
18782,45,C,18782_45_C.jpg,1.0,0.0,1.0,False,present,test,1_present,valid
18782,135,C,18782_135_C.jpg,1.0,0.0,1.0,False,present,test,1_present,valid
19035,225,C,19035_225_C.jpg,1.0,0.0,1.0,False,present,test,1_present,valid
2792,225,C,2792_225_C.jpg,1.0,0.0,1.0,False,present,test,1_present,valid
2792,315,C,2792_315_C.jpg,1.0,0.0,1.0,False,present,test,1_present,valid
3905,225,C,3905_225_C.jpg,1.0,0.0,1.0,False,present,test,1_present,valid
3905,315,C,3905_315_C.jpg,1.0,0.0,1.0,False,present,test,1_present,valid
4113,45,C,4113_45_C.jpg,1.0,0.0,1.0,False,present,test,1_present,valid
4684,45,C,4684_45_C.jpg,1.0,0.0,1.0,False,present,test,1_present,valid
4750,45,C,4750_45_C.jpg,1.0,0.0,1.0,False,present,test,1_present,valid
4955,315,C,4955_315_C.jpg,1.0,0.0,1.0,False,present,test,1_present,valid
4955,45,C,4955_45_C.jpg,1.0,0.0,1.0,False,present,test,1_present,valid
4955,135,C,4955_135_C.jpg,1.0,0.0,1.0,False,present,test,1_present,valid
7119,315,C,7119_315_C.jpg,1.0,0.0,1.0,False,present,test,1_present,valid
7359,315,C,7359_315_C.jpg,1.0,0.0,1.0,False,present,test,1_present,valid
7593,225,C,7593_225_C.jpg,1.0,0.0,1.0,False,present,test,1_present,valid
7593,315,C,7593_315_C.jpg,1.0,0.0,1.0,False,present,test,1_present,valid
7593,45,C,7593_45_C.jpg,1.0,0.0,1.0,False,present,test,1_present,valid
7633,45,C,7633_45_C.jpg,1.0,0.0,1.0,False,present,test,1_present,valid
7633,135,C,7633_135_C.jpg,1.0,0.0,1.0,False,present,test,1_present,valid
7691,315,C,7691_315_C.jpg,1.0,0.0,1.0,False,present,test,1_present,valid
7691,45,C,7691_45_C.jpg,1.0,0.0,1.0,False,present,test,1_present,valid
7769,225,C,7769_225_C.jpg,1.0,0.0,1.0,False,present,test,1_present,valid
8062,225,C,8062_225_C.jpg,1.0,0.0,1.0,False,present,test,1_present,valid
8062,315,C,8062_315_C.jpg,1.0,0.0,1.0,False,present,test,1_present,valid
8062,45,C,8062_45_C.jpg,1.0,0.0,1.0,False,present,test,1_present,valid
8062,135,C,8062_135_C.jpg,1.0,0.0,1.0,False,present,test,1_present,valid
8540,225,C,8540_225_C.jpg,1.0,0.0,1.0,False,present,test,1_present,valid
8540,45,C,8540_45_C.jpg,1.0,0.0,1.0,False,present,test,1_present,valid
8540,135,C,8540_135_C.jpg,1.0,0.0,1.0,False,present,test,1_present,valid
8945,45,C,8945_45_C.jpg,1.0,0.0,1.0,False,present,test,1_present,valid
9564,225,C,9564_225_C.jpg,1.0,0.0,1.0,False,present,test,1_present,valid
9564,315,C,9564_315_C.jpg,1.0,0.0,1.0,False,present,test,1_present,valid
9564,45,C,9564_45_C.jpg,1.0,0.0,1.0,False,present,test,1_present,valid
9780,315,C,9780_315_C.jpg,1.0,0.0,1.0,False,present,test,1_present,valid
9780,45,C,9780_45_C.jpg,1.0,0.0,1.0,False,present,test,1_present,valid
10228,225,D,10228_225_D.jpg,1.0,0.0,1.0,False,present,test,1_present,valid
10228,45,D,10228_45_D.jpg,1.0,0.0,1.0,False,present,test,1_present,valid
11282,315,D,11282_315_D.jpg,1.0,0.0,1.0,False,present,test,1_present,valid
11282,45,D,11282_45_D.jpg,1.0,0.0,1.0,False,present,test,1_present,valid
11282,135,D,11282_135_D.jpg,1.0,0.0,1.0,False,present,test,1_present,valid
12056,225,D,12056_225_D.jpg,1.0,0.0,1.0,False,present,test,1_present,valid
12056,45,D,12056_45_D.jpg,1.0,0.0,1.0,False,present,test,1_present,valid
12056,135,D,12056_135_D.jpg,1.0,0.0,1.0,False,present,test,1_present,valid
1297,225,D,1297_225_D.jpg,1.0,0.0,1.0,False,present,test,1_present,valid
13234,225,D,13234_225_D.jpg,1.0,0.0,1.0,False,present,test,1_present,valid
14541,225,D,14541_225_D.jpg,1.0,0.0,1.0,False,present,test,1_present,valid
16125,315,D,16125_315_D.jpg,1.0,0.0,1.0,False,present,test,1_present,valid
17033,225,D,17033_225_D.jpg,1.0,0.0,1.0,False,present,test,1_present,valid
17049,45,D,17049_45_D.jpg,1.0,0.0,1.0,False,present,test,1_present,valid
17049,135,D,17049_135_D.jpg,1.0,0.0,1.0,False,present,test,1_present,valid
17068,225,D,17068_225_D.jpg,1.0,0.0,1.0,False,present,test,1_present,valid
17202,225,D,17202_225_D.jpg,1.0,0.0,1.0,False,present,test,1_present,valid
17221,225,D,17221_225_D.jpg,1.0,0.0,1.0,False,present,test,1_present,valid
17221,315,D,17221_315_D.jpg,1.0,0.0,1.0,False,present,test,1_present,valid
17386,225,D,17386_225_D.jpg,1.0,0.0,1.0,False,present,test,1_present,valid
17386,315,D,17386_315_D.jpg,1.0,0.0,1.0,False,present,test,1_present,valid
18163,135,D,18163_135_D.jpg,1.0,0.0,1.0,False,present,test,1_present,valid
18256,225,D,18256_225_D.jpg,1.0,0.0,1.0,False,present,test,1_present,valid
18274,315,D,18274_315_D.jpg,1.0,0.0,1.0,False,present,test,1_present,valid
18274,135,D,18274_135_D.jpg,1.0,0.0,1.0,False,present,test,1_present,valid
18284,45,D,18284_45_D.jpg,1.0,0.0,1.0,False,present,test,1_present,valid
18397,225,D,18397_225_D.jpg,1.0,0.0,1.0,False,present,test,1_present,valid
18432,225,D,18432_225_D.jpg,1.0,0.0,1.0,False,present,test,1_present,valid
18432,135,D,18432_135_D.jpg,2.0,0.0,2.0,False,multiple_present,test,1_present,valid
18782,225,D,18782_225_D.jpg,1.0,0.0,1.0,False,present,test,1_present,valid
18782,315,D,18782_315_D.jpg,2.0,0.0,2.0,False,multiple_present,test,1_present,valid
19035,225,D,19035_225_D.jpg,1.0,0.0,1.0,False,present,test,1_present,valid
19035,135,D,19035_135_D.jpg,1.0,0.0,1.0,False,present,test,1_present,valid
19102,135,D,19102_135_D.jpg,1.0,0.0,1.0,False,present,test,1_present,valid
2663,315,D,2663_315_D.jpg,1.0,0.0,1.0,False,present,test,1_present,valid
2792,315,D,2792_315_D.jpg,1.0,0.0,1.0,False,present,test,1_present,valid
2792,135,D,2792_135_D.jpg,1.0,0.0,1.0,False,present,test,1_present,valid
3905,225,D,3905_225_D.jpg,1.0,0.0,1.0,False,present,test,1_present,valid
4113,225,D,4113_225_D.jpg,1.0,0.0,1.0,False,present,test,1_present,valid
4113,315,D,4113_315_D.jpg,1.0,0.0,1.0,False,present,test,1_present,valid
4113,45,D,4113_45_D.jpg,1.0,0.0,1.0,False,present,test,1_present,valid
4684,45,D,4684_45_D.jpg,1.0,0.0,1.0,False,present,test,1_present,valid
4684,135,D,4684_135_D.jpg,1.0,0.0,1.0,False,present,test,1_present,valid
4750,45,D,4750_45_D.jpg,1.0,0.0,1.0,False,present,test,1_present,valid
4955,225,D,4955_225_D.jpg,1.0,0.0,1.0,False,present,test,1_present,valid
4955,315,D,4955_315_D.jpg,1.0,0.0,1.0,False,present,test,1_present,valid
7090,225,D,7090_225_D.jpg,1.0,0.0,1.0,False,present,test,1_present,valid
7359,315,D,7359_315_D.jpg,1.0,0.0,1.0,False,present,test,1_present,valid
7377,225,D,7377_225_D.jpg,1.0,0.0,1.0,False,present,test,1_present,valid
7593,315,D,7593_315_D.jpg,1.0,0.0,1.0,False,present,test,1_present,valid
7618,45,D,7618_45_D.jpg,1.0,0.0,1.0,False,present,test,1_present,valid
7618,135,D,7618_135_D.jpg,1.0,0.0,1.0,False,present,test,1_present,valid
7691,315,D,7691_315_D.jpg,1.0,0.0,1.0,False,present,test,1_present,valid
7769,315,D,7769_315_D.jpg,1.0,0.0,1.0,False,present,test,1_present,valid
7769,135,D,7769_135_D.jpg,1.0,0.0,1.0,False,present,test,1_present,valid
8062,225,D,8062_225_D.jpg,1.0,0.0,1.0,False,present,test,1_present,valid
8062,315,D,8062_315_D.jpg,1.0,0.0,1.0,False,present,test,1_present,valid
8062,135,D,8062_135_D.jpg,1.0,0.0,1.0,False,present,test,1_present,valid
8540,315,D,8540_315_D.jpg,1.0,0.0,1.0,False,present,test,1_present,valid
8540,45,D,8540_45_D.jpg,1.0,0.0,1.0,False,present,test,1_present,valid
8945,45,D,8945_45_D.jpg,1.0,0.0,1.0,False,present,test,1_present,valid
9564,225,D,9564_225_D.jpg,1.0,0.0,1.0,False,present,test,1_present,valid
9780,315,D,9780_315_D.jpg,1.0,0.0,1.0,False,present,test,1_present,valid
10228,315,B,10228_315_B.jpg,1.0,0.0,1.0,False,present,test,1_present,valid
10228,45,B,10228_45_B.jpg,1.0,0.0,1.0,False,present,test,1_present,valid
11282,225,B,11282_225_B.jpg,1.0,0.0,1.0,False,present,test,1_present,valid
12056,315,B,12056_315_B.jpg,1.0,0.0,1.0,False,present,test,1_present,valid
12251,225,B,12251_225_B.jpg,2.0,0.0,2.0,False,multiple_present,test,1_present,valid
12270,225,B,12270_225_B.jpg,1.0,0.0,1.0,False,present,test,1_present,valid
12747,225,B,12747_225_B.jpg,1.0,0.0,1.0,False,present,test,1_present,valid
12747,315,B,12747_315_B.jpg,1.0,0.0,1.0,False,present,test,1_present,valid
14541,315,B,14541_315_B.jpg,1.0,0.0,1.0,False,present,test,1_present,valid
14541,135,B,14541_135_B.jpg,1.0,0.0,1.0,False,present,test,1_present,valid
16078,315,B,16078_315_B.jpg,1.0,0.0,1.0,False,present,test,1_present,valid
16125,315,B,16125_315_B.jpg,1.0,0.0,1.0,False,present,test,1_present,valid
16180,135,B,16180_135_B.jpg,1.0,0.0,1.0,False,present,test,1_present,valid
17033,315,B,17033_315_B.jpg,1.0,0.0,1.0,False,present,test,1_present,valid
17033,135,B,17033_135_B.jpg,1.0,0.0,1.0,False,present,test,1_present,valid
17202,135,B,17202_135_B.jpg,1.0,0.0,1.0,False,present,test,1_present,valid
17221,225,B,17221_225_B.jpg,2.0,0.0,2.0,False,multiple_present,test,1_present,valid
17386,45,B,17386_45_B.jpg,1.0,0.0,1.0,False,present,test,1_present,valid
17386,135,B,17386_135_B.jpg,2.0,0.0,2.0,False,multiple_present,test,1_present,valid
18163,45,B,18163_45_B.jpg,1.0,0.0,1.0,False,present,test,1_present,valid
18242,135,B,18242_135_B.jpg,1.0,0.0,1.0,False,present,test,1_present,valid
18256,315,B,18256_315_B.jpg,1.0,0.0,1.0,False,present,test,1_present,valid
18256,135,B,18256_135_B.jpg,2.0,0.0,2.0,False,multiple_present,test,1_present,valid
18284,225,B,18284_225_B.jpg,1.0,0.0,1.0,False,present,test,1_present,valid
18284,45,B,18284_45_B.jpg,1.0,0.0,1.0,False,present,test,1_present,valid
18387,315,B,18387_315_B.jpg,1.0,1.0,2.0,True,present,test,1_present,valid
18387,135,B,18387_135_B.jpg,2.0,0.0,2.0,False,multiple_present,test,1_present,valid
18432,225,B,18432_225_B.jpg,1.0,0.0,1.0,False,present,test,1_present,valid
18782,45,B,18782_45_B.jpg,1.0,0.0,1.0,False,present,test,1_present,valid
18782,135,B,18782_135_B.jpg,1.0,0.0,1.0,False,present,test,1_present,valid
19035,45,B,19035_45_B.jpg,1.0,0.0,1.0,False,present,test,1_present,valid
19102,225,B,19102_225_B.jpg,1.0,0.0,1.0,False,present,test,1_present,valid
19102,315,B,19102_315_B.jpg,1.0,0.0,1.0,False,present,test,1_present,valid
2792,225,B,2792_225_B.jpg,1.0,0.0,1.0,False,present,test,1_present,valid
3905,225,B,3905_225_B.jpg,1.0,0.0,1.0,False,present,test,1_present,valid
3905,315,B,3905_315_B.jpg,2.0,0.0,2.0,False,multiple_present,test,1_present,valid
4113,135,B,4113_135_B.jpg,1.0,0.0,1.0,False,present,test,1_present,valid
4955,135,B,4955_135_B.jpg,1.0,1.0,2.0,True,present,test,1_present,valid
7090,315,B,7090_315_B.jpg,1.0,0.0,1.0,False,present,test,1_present,valid
7119,315,B,7119_315_B.jpg,1.0,0.0,1.0,False,present,test,1_present,valid
7119,45,B,7119_45_B.jpg,1.0,0.0,1.0,False,present,test,1_present,valid
7377,315,B,7377_315_B.jpg,1.0,0.0,1.0,False,present,test,1_present,valid
7593,45,B,7593_45_B.jpg,1.0,0.0,1.0,False,present,test,1_present,valid
7633,45,B,7633_45_B.jpg,1.0,0.0,1.0,False,present,test,1_present,valid
7633,135,B,7633_135_B.jpg,1.0,0.0,1.0,False,present,test,1_present,valid
7691,45,B,7691_45_B.jpg,1.0,0.0,1.0,False,present,test,1_present,valid
7769,225,B,7769_225_B.jpg,2.0,0.0,2.0,False,multiple_present,test,1_present,valid
8062,45,B,8062_45_B.jpg,1.0,0.0,1.0,False,present,test,1_present,valid
8540,135,B,8540_135_B.jpg,1.0,0.0,1.0,False,present,test,1_present,valid
9564,315,B,9564_315_B.jpg,1.0,0.0,1.0,False,present,test,1_present,valid
9564,45,B,9564_45_B.jpg,1.0,0.0,1.0,False,present,test,1_present,valid
9780,225,B,9780_225_B.jpg,1.0,0.0,1.0,False,present,test,1_present,valid
9780,45,B,9780_45_B.jpg,1.0,0.0,1.0,False,present,test,1_present,valid
10228,315,E,10228_315_E.jpg,1.0,0.0,1.0,False,present,test,1_present,valid
10228,135,E,10228_135_E.jpg,1.0,0.0,1.0,False,present,test,1_present,valid
12747,225,E,12747_225_E.jpg,1.0,0.0,1.0,False,present,test,1_present,valid
1297,225,E,1297_225_E.jpg,1.0,0.0,1.0,False,present,test,1_present,valid
14541,225,E,14541_225_E.jpg,1.0,0.0,1.0,False,present,test,1_present,valid
16078,45,E,16078_45_E.jpg,1.0,0.0,1.0,False,present,test,1_present,valid
16125,315,E,16125_315_E.jpg,1.0,0.0,1.0,False,present,test,1_present,valid
16180,225,E,16180_225_E.jpg,1.0,0.0,1.0,False,present,test,1_present,valid
16672,225,E,16672_225_E.jpg,1.0,0.0,1.0,False,present,test,1_present,valid
17033,225,E,17033_225_E.jpg,1.0,0.0,1.0,False,present,test,1_present,valid
17033,45,E,17033_45_E.jpg,1.0,0.0,1.0,False,present,test,1_present,valid
17033,135,E,17033_135_E.jpg,1.0,0.0,1.0,False,present,test,1_present,valid
17049,225,E,17049_225_E.jpg,1.0,0.0,1.0,False,present,test,1_present,valid
17202,135,E,17202_135_E.jpg,1.0,0.0,1.0,False,present,test,1_present,valid
17221,225,E,17221_225_E.jpg,2.0,0.0,2.0,False,multiple_present,test,1_present,valid
17221,315,E,17221_315_E.jpg,1.0,0.0,1.0,False,present,test,1_present,valid
17343,225,E,17343_225_E.jpg,1.0,0.0,1.0,False,present,test,1_present,valid
17386,225,E,17386_225_E.jpg,2.0,0.0,2.0,False,multiple_present,test,1_present,valid
17386,315,E,17386_315_E.jpg,1.0,0.0,1.0,False,present,test,1_present,valid
18256,225,E,18256_225_E.jpg,1.0,0.0,1.0,False,present,test,1_present,valid
18274,225,E,18274_225_E.jpg,1.0,0.0,1.0,False,present,test,1_present,valid
18284,225,E,18284_225_E.jpg,1.0,0.0,1.0,False,present,test,1_present,valid
18284,45,E,18284_45_E.jpg,1.0,0.0,1.0,False,present,test,1_present,valid
18432,225,E,18432_225_E.jpg,2.0,0.0,2.0,False,multiple_present,test,1_present,valid
18782,315,E,18782_315_E.jpg,1.0,0.0,1.0,False,present,test,1_present,valid
19035,315,E,19035_315_E.jpg,1.0,0.0,1.0,False,present,test,1_present,valid
19035,135,E,19035_135_E.jpg,1.0,0.0,1.0,False,present,test,1_present,valid
19102,315,E,19102_315_E.jpg,1.0,0.0,1.0,False,present,test,1_present,valid
19102,135,E,19102_135_E.jpg,1.0,1.0,2.0,True,present,test,1_present,valid
2663,315,E,2663_315_E.jpg,2.0,0.0,2.0,False,multiple_present,test,1_present,valid
2792,135,E,2792_135_E.jpg,1.0,0.0,1.0,False,present,test,1_present,valid
3905,225,E,3905_225_E.jpg,1.0,0.0,1.0,False,present,test,1_present,valid
4113,225,E,4113_225_E.jpg,1.0,0.0,1.0,False,present,test,1_present,valid
4113,315,E,4113_315_E.jpg,1.0,0.0,1.0,False,present,test,1_present,valid
4684,45,E,4684_45_E.jpg,1.0,0.0,1.0,False,present,test,1_present,valid
4684,135,E,4684_135_E.jpg,1.0,0.0,1.0,False,present,test,1_present,valid
4955,225,E,4955_225_E.jpg,1.0,0.0,1.0,False,present,test,1_present,valid
7090,225,E,7090_225_E.jpg,1.0,0.0,1.0,False,present,test,1_present,valid
7359,315,E,7359_315_E.jpg,1.0,0.0,1.0,False,present,test,1_present,valid
7377,225,E,7377_225_E.jpg,1.0,0.0,1.0,False,present,test,1_present,valid
7593,135,E,7593_135_E.jpg,1.0,0.0,1.0,False,present,test,1_present,valid
7618,135,E,7618_135_E.jpg,1.0,0.0,1.0,False,present,test,1_present,valid
7633,135,E,7633_135_E.jpg,1.0,0.0,1.0,False,present,test,1_present,valid
7769,315,E,7769_315_E.jpg,2.0,0.0,2.0,False,multiple_present,test,1_present,valid
7769,135,E,7769_135_E.jpg,1.0,0.0,1.0,False,present,test,1_present,valid
8540,315,E,8540_315_E.jpg,1.0,0.0,1.0,False,present,test,1_present,valid
8945,225,E,8945_225_E.jpg,1.0,0.0,1.0,False,present,test,1_present,valid
8945,135,E,8945_135_E.jpg,1.0,0.0,1.0,False,present,test,1_present,valid
9564,135,E,9564_135_E.jpg,1.0,0.0,1.0,False,present,test,1_present,valid
12747,225,F,12747_225_F.jpg,1.0,0.0,1.0,False,present,test,1_present,valid
12747,315,F,12747_315_F.jpg,1.0,0.0,1.0,False,present,test,1_present,valid
14541,135,F,14541_135_F.jpg,1.0,0.0,1.0,False,present,test,1_present,valid
16078,315,F,16078_315_F.jpg,1.0,0.0,1.0,False,present,test,1_present,valid
16078,45,F,16078_45_F.jpg,1.0,0.0,1.0,False,present,test,1_present,valid
16829,315,F,16829_315_F.jpg,1.0,0.0,1.0,False,present,test,1_present,valid
17033,45,F,17033_45_F.jpg,1.0,0.0,1.0,False,present,test,1_present,valid
17033,135,F,17033_135_F.jpg,1.0,0.0,1.0,False,present,test,1_present,valid
17049,225,F,17049_225_F.jpg,2.0,0.0,2.0,False,multiple_present,test,1_present,valid
17202,135,F,17202_135_F.jpg,1.0,0.0,1.0,False,present,test,1_present,valid
17221,225,F,17221_225_F.jpg,1.0,0.0,1.0,False,present,test,1_present,valid
17221,315,F,17221_315_F.jpg,1.0,0.0,1.0,False,present,test,1_present,valid
17343,225,F,17343_225_F.jpg,1.0,0.0,1.0,False,present,test,1_present,valid
17343,315,F,17343_315_F.jpg,1.0,0.0,1.0,False,present,test,1_present,valid
17386,225,F,17386_225_F.jpg,1.0,0.0,1.0,False,present,test,1_present,valid
18242,315,F,18242_315_F.jpg,1.0,0.0,1.0,False,present,test,1_present,valid
18242,135,F,18242_135_F.jpg,1.0,0.0,1.0,False,present,test,1_present,valid
18256,225,F,18256_225_F.jpg,1.0,0.0,1.0,False,present,test,1_present,valid
18284,225,F,18284_225_F.jpg,1.0,0.0,1.0,False,present,test,1_present,valid
18432,225,F,18432_225_F.jpg,1.0,0.0,1.0,False,present,test,1_present,valid
18782,45,F,18782_45_F.jpg,1.0,0.0,1.0,False,present,test,1_present,valid
19102,315,F,19102_315_F.jpg,1.0,0.0,1.0,False,present,test,1_present,valid
2099,315,F,2099_315_F.jpg,1.0,0.0,1.0,False,present,test,1_present,valid
2663,315,F,2663_315_F.jpg,1.0,0.0,1.0,False,present,test,1_present,valid
3515,315,F,3515_315_F.jpg,1.0,0.0,1.0,False,present,test,1_present,valid
4684,45,F,4684_45_F.jpg,1.0,0.0,1.0,False,present,test,1_present,valid
4684,135,F,4684_135_F.jpg,2.0,0.0,2.0,False,multiple_present,test,1_present,valid
4750,315,F,4750_315_F.jpg,1.0,0.0,1.0,False,present,test,1_present,valid
7618,315,F,7618_315_F.jpg,1.0,0.0,1.0,False,present,test,1_present,valid
7633,225,F,7633_225_F.jpg,1.0,1.0,2.0,True,present,test,1_present,valid
7633,135,F,7633_135_F.jpg,1.0,0.0,1.0,False,present,test,1_present,valid
7769,315,F,7769_315_F.jpg,1.0,0.0,1.0,False,present,test,1_present,valid
8503,45,F,8503_45_F.jpg,1.0,0.0,1.0,False,present,test,1_present,valid
8945,225,F,8945_225_F.jpg,1.0,0.0,1.0,False,present,test,1_present,valid
8945,135,F,8945_135_F.jpg,1.0,0.0,1.0,False,present,test,1_present,valid
10228,45,A,10228_45_A.jpg,1.0,0.0,1.0,False,present,test,1_present,valid
12251,225,A,12251_225_A.jpg,2.0,0.0,2.0,False,multiple_present,test,1_present,valid
12270,225,A,12270_225_A.jpg,1.0,0.0,1.0,False,present,test,1_present,valid
12747,225,A,12747_225_A.jpg,1.0,0.0,1.0,False,present,test,1_present,valid
14541,225,A,14541_225_A.jpg,1.0,0.0,1.0,False,present,test,1_present,valid
16078,315,A,16078_315_A.jpg,1.0,0.0,1.0,False,present,test,1_present,valid
16078,45,A,16078_45_A.jpg,1.0,0.0,1.0,False,present,test,1_present,valid
16125,225,A,16125_225_A.jpg,1.0,0.0,1.0,False,present,test,1_present,valid
16125,315,A,16125_315_A.jpg,1.0,1.0,2.0,True,present,test,1_present,valid
16180,135,A,16180_135_A.jpg,1.0,1.0,2.0,True,present,test,1_present,valid
16672,45,A,16672_45_A.jpg,1.0,0.0,1.0,False,present,test,1_present,valid
16829,225,A,16829_225_A.jpg,1.0,0.0,1.0,False,present,test,1_present,valid
17068,315,A,17068_315_A.jpg,1.0,0.0,1.0,False,present,test,1_present,valid
17202,135,A,17202_135_A.jpg,1.0,0.0,1.0,False,present,test,1_present,valid
17221,225,A,17221_225_A.jpg,1.0,0.0,1.0,False,present,test,1_present,valid
17386,135,A,17386_135_A.jpg,1.0,0.0,1.0,False,present,test,1_present,valid
18163,45,A,18163_45_A.jpg,1.0,0.0,1.0,False,present,test,1_present,valid
18242,135,A,18242_135_A.jpg,1.0,0.0,1.0,False,present,test,1_present,valid
18243,225,A,18243_225_A.jpg,1.0,0.0,1.0,False,present,test,1_present,valid
18243,315,A,18243_315_A.jpg,1.0,0.0,1.0,False,present,test,1_present,valid
18256,315,A,18256_315_A.jpg,1.0,0.0,1.0,False,present,test,1_present,valid
18284,45,A,18284_45_A.jpg,1.0,0.0,1.0,False,present,test,1_present,valid
18387,135,A,18387_135_A.jpg,2.0,0.0,2.0,False,multiple_present,test,1_present,valid
18432,225,A,18432_225_A.jpg,2.0,0.0,2.0,False,multiple_present,test,1_present,valid
18782,225,A,18782_225_A.jpg,1.0,1.0,2.0,True,present,test,1_present,valid
19035,45,A,19035_45_A.jpg,1.0,0.0,1.0,False,present,test,1_present,valid
19102,225,A,19102_225_A.jpg,1.0,0.0,1.0,False,present,test,1_present,valid
3905,315,A,3905_315_A.jpg,1.0,0.0,1.0,False,present,test,1_present,valid
4113,135,A,4113_135_A.jpg,1.0,0.0,1.0,False,present,test,1_present,valid
7090,225,A,7090_225_A.jpg,1.0,0.0,1.0,False,present,test,1_present,valid
7119,45,A,7119_45_A.jpg,1.0,0.0,1.0,False,present,test,1_present,valid
7377,315,A,7377_315_A.jpg,1.0,0.0,1.0,False,present,test,1_present,valid
7618,225,A,7618_225_A.jpg,1.0,0.0,1.0,False,present,test,1_present,valid
7769,225,A,7769_225_A.jpg,1.0,0.0,1.0,False,present,test,1_present,valid
